Timestamp,Test_Data,Forecast,Test_Data BTC-USD,Test_Data forecast BTC-USD
0,10.046666628809882,10.046677576250032,23078.728516,23078.981170382103
1,10.044600314491396,10.044798172802686,23031.089844000006,23035.647187382987
2,10.07637164985507,10.046397554220173,23774.566406000005,23072.519451981672
3,10.036274735205106,10.049351879253566,22840.138672000016,23140.783961906134
4,10.049287023733745,10.044388183578825,23139.28320300001,23026.2047560513
5,10.074232758318614,10.04687184438481,23723.769531000016,23083.465116536496
6,10.063558008462433,10.048861013111248,23471.871093999987,23129.42772197741
7,10.062596872220103,10.048860860504806,23449.32226600001,23129.424192278024
8,10.057574558450531,10.047866601013112,23331.847655999987,23106.438971268013
9,10.041320070246307,10.04786658988802,22955.666016000017,23106.438714206757
10,10.032764693808685,10.046872292129787,22760.109375000004,23083.475452044368
11,10.054674889539736,10.04587799055575,23264.29101599998,23060.534922860275
12,10.040611167061408,10.047866592301355,22939.398437999993,23106.43876997034
13,9.990538219141412,10.046375141097245,21819.03906300002,23072.002330562125
14,9.982815401405137,10.042895088441409,21651.183594,22991.850095467555
15,9.992911122015416,10.04339223881879,21870.87499999999,23003.28334420568
16,9.98912396125247,10.043889389201633,21788.203124999996,23014.722278526588
17,9.990036811069636,10.042895088437955,21808.10156299999,22991.85009538816
18,10.008784277119346,10.043889389201405,22220.80468799999,23014.722278521356
19,10.098554284965184,10.04538084034643,24307.84179699999,23049.073222425803
20,10.069996183462603,10.04985519378158,23623.474609000023,23152.433986231117
21,10.10910243292493,10.049358043399897,24565.601562999982,23140.92660552433
22,10.112178256563537,10.048860893018214,24641.277344000006,23129.42494429442
23,10.099368537453813,10.048860893018214,24327.642578000003,23129.42494429442
24,10.119773582223404,10.047866592254849,24829.14843799998,23106.438768895736
25,10.10382720068089,10.048860893018214,24436.353516000003,23129.42494429442
26,10.09364680378454,10.04836374263653,24188.843750000007,23117.928999698648
27,10.083618887043402,10.046872291491482,23947.49218800001,23083.475437310062
28,10.05182681961069,10.045380840346434,23198.126953000003,23049.073222425886
29,10.050845571532914,10.044883689964752,23175.37499999999,23037.61721479119
30,10.0673571173827,10.04438653958307,23561.212891000014,23026.166901099532
31,10.065728464885717,10.043889389201386,23522.871094000016,23014.722278520905
32,10.049635734016187,10.045380840346434,23147.353516000006,23049.073222425886
33,10.070972538928578,10.043889389201386,23646.55078100001,23014.722278520905
34,10.063711188734993,10.04438653958307,23475.466797000023,23026.166901099532
35,10.015148763022255,10.043889389201386,22362.679688,23014.722278520905
36,10.014731459461,10.043889389201386,22353.349608999986,23014.722278520905
37,10.018400414158672,10.042397938056338,22435.513671999997,22980.42252918396
38,10.0181438299972,10.042895088438021,22429.757812999993,22991.85009538967
39,10.008737690997616,10.043392238819704,22219.769531000016,23003.283344226722
40,9.985900375941979,10.043889389201386,21718.08007799999,23014.722278520905
41,9.921475862600786,10.04090648691129,20363.02148400001,22946.17389811776
42,9.912806205754665,10.035934983094464,20187.244141000014,22832.380004765255
43,9.934618426968083,10.03543783271278,20632.410156000016,22821.031699472038
44,10.006222338836809,10.03543783271278,22163.949219000006,22821.031699472038
45,10.094005973188848,10.043392238819704,24197.533202999988,23003.283344226722
46,10.116422138001623,10.046872291491482,24746.074219000002,23083.475437310062
47,10.101352718186414,10.043889389201386,24375.960937999997,23014.722278520905
48,10.12874044015551,10.044883689964752,25052.789063000015,23037.61721479119
49,10.219171257508572,10.04438653958307,27423.929688,23026.166901099532
50,10.202327601566122,10.050849494544945,26965.87890599999,23175.465917453264
51,10.24134011396344,10.050352344163262,28038.67578100001,23163.94708925888
52,10.23161205529078,10.05184379530831,27767.236328000014,23198.52076073106
53,10.246219314743719,10.052838096071675,28175.816405999998,23221.598538857303
54,10.214914379966567,10.049855193781578,27307.437500000007,23152.433986231077
55,10.251816810879186,10.047369441873165,28333.972656000027,23094.95424904569
56,10.22169707769336,10.049358043399897,27493.285156000016,23140.92660552433
57,10.221748793529628,10.050849494544945,27494.707031000013,23175.465917453264
58,10.239757271437727,10.050849494544945,27994.33007800001,23175.465917453264
59,10.208759831390763,10.050849494544945,27139.88867199998,23175.465917453264
60,10.21347393146632,10.04836374263653,27268.130858999994,23117.928999698648
61,10.252327330783945,10.047369441873165,28348.44140600001,23094.95424904569
62,10.24115773205143,10.048860893018214,28033.562499999993,23129.42494429442
63,10.256904146939885,10.050352344163262,28478.484375000007,23163.94708925888
64,10.254532910509685,10.049358043399897,28411.03515600001,23140.92660552433
65,10.247052738682372,10.050352344163262,28199.30859399998,23163.94708925888
66,10.232439464518615,10.050352344163262,27790.220702999988,23163.94708925888
67,10.245945050406627,10.049855193781578,28168.08984400002,23152.433986231077
68,10.246296256102458,10.049855193781578,28177.98437500001,23152.433986231077
69,10.241534998755878,10.050352344163262,28044.140624999996,23163.94708925888
70,10.237308397859582,10.050849494544945,27925.859375,23175.465917453264
71,10.238093581803714,10.049358043399897,27947.794922000016,23140.92660552433
72,10.251784274319325,10.049358043399897,28333.050781000016,23140.92660552433
73,10.297317921093969,10.049855193781578,29652.98046899998,23152.433986231077
74,10.31675741065814,10.052838096071675,30235.058594000006,23221.598538857303
75,10.313577042821294,10.051346644926626,30139.052733999986,23186.990473661168
76,10.322167176593794,10.049358043399897,30399.066406000005,23140.92660552433
77,10.325012974572237,10.052838096071675,30485.69921900002,23221.598538857303
78,10.31951323740476,10.052838096071675,30318.496094,23221.598538857303
79,10.319409644282375,10.052838096071675,30315.35546900001,23221.598538857303
80,10.290280921001552,10.053335246453358,29445.044921999983,23233.146035617563
81,10.322117381982787,10.047866592254849,30397.55273400001,23106.438768895736
82,10.268917845383799,10.050352344163262,28822.679688000007,23163.94708925888
83,10.248706718738319,10.044883689964752,28245.988280999998,23037.61721479119
84,10.213795841466291,10.043889389201386,27276.91015599998,23014.722278520905
85,10.233420598031856,10.045380840346434,27817.500000000007,23049.073222425886
86,10.22525885681807,10.046872291491482,27591.384766000025,23083.475437310062
87,10.222862308253989,10.045380840346434,27525.339844000013,23049.073222425886
88,10.250885516010028,10.045380840346434,28307.59765599999,23049.073222425886
89,10.254943441891838,10.046872291491482,28422.70117199999,23083.475437310062
90,10.291256574737012,10.04836374263653,29473.787109000023,23117.928999698648
91,10.286715971868503,10.050849494544945,29340.261718999987,23175.465917453264
92,10.28358316862355,10.050849494544945,29248.488280999994,23175.465917453264
93,10.284277608133909,10.048860893018214,29268.806641000014,23129.42494429442
94,10.243224751896731,10.050352344163262,28091.568358999975,23163.94708925888
95,10.263974022188126,10.0463751411098,28680.537108999986,23072.0023308518
96,10.27526862303485,10.050849494544945,29006.308594,23175.465917453264
97,10.269785925218187,10.050849494544945,28847.710937999993,23175.465917453264
98,10.293310448848905,10.049358043399897,29534.38476600001,23140.92660552433
99,10.271756828331386,10.048860893018214,28904.62304700002,23129.42494429442
100,10.256078416020246,10.050849494544945,28454.978516000003,23175.465917453264
101,10.228980935712533,10.048860893018214,27694.273438000015,23129.42494429442
102,10.227698330594391,10.04438653958307,27658.775391000006,23026.166901099532
103,10.226358996955703,10.044883689964752,27621.755859000023,23037.61721479119
104,10.203621369114993,10.044883689964752,27000.789063000004,23037.61721479119
105,10.19634335192656,10.043392238819704,26804.990234,23003.283344226722
106,10.195562890138293,10.042895088438021,26784.078124999985,22991.85009538967
107,10.20101990152888,10.042895088438021,26930.638671999997,22991.85009538967
108,10.210703589690173,10.043889389201386,27192.693358999997,23014.722278520905
109,10.204948646411141,10.045877990728117,27036.650391000017,23060.53492683515
110,10.218254595582055,10.043889389201386,27398.802734000004,23014.722278520905
111,10.197358272643273,10.04438653958307,26832.20898399999,23026.166901099532
112,10.199514543078122,10.042895088438021,26890.12890600001,22991.85009538967
113,10.208380143391283,10.042895088438021,27129.585937999997,22991.85009538967
114,10.194432776562989,10.044883689964752,26753.82617200002,23037.61721479119
115,10.198068672138769,10.043392238819704,26851.277343999995,23003.283344226722
116,10.21191763479125,10.043889389201386,27225.726563000022,23014.722278520905
117,10.178647234570748,10.043889389201386,26334.81835899999,23014.722278520905
118,10.184001760780683,10.04438653958307,26476.207030999987,23026.166901099532
119,10.193141093466219,10.043392238819704,26719.291016000006,23003.283344226722
120,10.19870442381099,10.042895088438021,26868.353515999996,22991.85009538967
121,10.243013923537282,10.043889389201386,28085.646484000015,23014.722278520905
122,10.230842811456814,10.044883689964752,27745.884765999996,23037.61721479119
123,10.229272512007729,10.04438653958307,27702.349608999986,23026.166901099532
124,10.211694719293408,10.04438653958307,27219.658203,23026.166901099532
125,10.196902137297492,10.044883689964752,26819.972656000024,23037.61721479119
126,10.212793748381783,10.043889389201386,27249.58984399998,23014.722278520905
127,10.206370832928956,10.045380840346434,27075.128905999984,23049.073222425886
128,10.20799231690427,10.044883689964752,27119.06640599999,23037.61721479119
129,10.156581971204893,10.045380840346434,25760.097656000013,23049.073222425886
130,10.212397089772345,10.04090648691129,27238.783203000006,22946.17389811776
131,10.179071665660869,10.045380840346434,26345.998046999983,23049.073222425886
132,10.185210031724544,10.043889389201386,26508.216796999983,23014.722278520905
133,10.18415917158209,10.043889389201386,26480.375000000015,23014.722278520905
134,10.160113856890112,10.043392238819704,25851.240234000004,23003.283344226722
135,10.163547933138599,10.042397938056338,25940.16796899999,22980.42252918396
136,10.162094768125908,10.042397938056338,25902.50000000002,22980.42252918396
137,10.16272109509635,10.041403637292973,25918.72851600001,22957.58443337034
138,10.13160574103931,10.041900787674656,25124.675780999994,22969.000642785217
139,10.149425116449603,10.039415035766242,25576.394531000005,22911.976309138725
140,10.178367889738993,10.042397938056338,26327.46289100001,22980.42252918396
141,10.185302790508526,10.042397938056338,26510.67578100002,22980.42252918396
142,10.178700187093881,10.043392238819704,26336.212891000003,23003.283344226722
143,10.198059434286039,10.042397938056338,26851.029296999994,22980.42252918396
144,10.251587929557699,10.043392238819704,28327.488281000016,23003.283344226722
145,10.309862142773344,10.04836374263653,30027.296874999978,23117.928999698648
146,10.30602441919365,10.051346644926626,29912.281249999993,23186.990473661168
147,10.331870324961804,10.051346644926626,30695.468750000004,23186.990473661168
148,10.327077257075677,10.049855193781578,30548.695313000015,23152.433986231077
149,10.324834596345083,10.050849494544945,30480.261718999995,23175.465917453264
150,10.317949760386316,10.0463751411098,30271.130858999997,23072.0023308518
151,10.33163232383024,10.04836374263653,30688.164062999993,23117.928999698648
152,10.31182340590922,10.049855193781578,30086.24609400002,23152.433986231077
153,10.323688603455063,10.045877990728117,30445.351562999975,23060.53492683515
154,10.324735846713704,10.046872291491482,30477.251953000003,23083.475437310062
155,10.328430991080884,10.04836374263653,30590.07812500001,23117.928999698648
156,10.329433800541864,10.050352344163262,30620.769531000016,23163.94708925888
157,10.346776226863977,10.049855193781578,31156.439453000025,23152.433986231077
158,10.33454184780942,10.050849494544945,30777.582030999984,23175.465917453264
159,10.32594631430854,10.049358043399897,30514.16601599999,23140.92660552433
160,10.305926014668843,10.046872291491482,29909.33789100002,23083.475437310062
161,10.320296924636603,10.0463751411098,30342.265624999993,23072.0023308518
162,10.318656790103276,10.047866592254849,30292.541016000014,23106.438768895736
163,10.314644245303557,10.0463751411098,30171.23437499998,23072.0023308518
164,10.322673784104614,10.046872291491482,30414.47070300002,23083.475437310062
165,10.32943973247839,10.047369441873165,30620.951171999994,23094.95424904569
166,10.321923062923002,10.050849494544945,30391.646484000026,23175.465917453264
167,10.356982180930835,10.047369441873165,31476.048828000025,23094.95424904569
168,10.320026728152682,10.048860893018214,30334.068359000015,23129.42494429442
169,10.318764587233563,10.046872291491482,30295.80664099998,23083.475437310062
170,10.31722279570923,10.047369441873165,30249.132813000022,23094.95424904569
171,10.313803830402732,10.045877990728117,30145.888671999986,23060.53492683515
172,10.304159943903676,10.046872291491482,29856.562500000007,23083.475437310062
173,10.30607933084978,10.043889389201386,29913.923828000003,23014.722278520905
174,10.301995704546313,10.046872291491482,29792.015625000007,23083.475437310062
175,10.305906162812018,10.043889389201386,29908.744141000014,23014.722278520905
176,10.301317007567752,10.044883689964752,29771.802733999997,23037.61721479119
177,10.31176666638036,10.045877990728117,30084.539062999997,23060.53492683515
178,10.281133128211733,10.0463751411098,29176.916016,23072.0023308518
179,10.282861583679122,10.043889389201386,29227.390625000007,23014.722278520905
180,10.28721723700407,10.04438653958307,29354.97265600001,23026.166901099532
181,10.282289998424012,10.04438653958307,29210.689452999974,23026.166901099532
182,10.285999442641353,10.044883689964752,29319.246094000013,23037.61721479119
183,10.287283503410414,10.044883689964752,29356.917969000002,23037.61721479119
184,10.284499729622999,10.044883689964752,29275.308594000002,23037.61721479119
185,10.282954666787742,10.043889389201386,29230.11132800002,23014.722278520905
186,10.298084900622317,10.045380840346434,29675.732421999983,23049.073222425886
187,10.280277393088333,10.045380840346434,29151.958984000015,23049.073222425886
188,10.281193573897507,10.044883689964752,29178.679688000004,23037.61721479119
189,10.277602740338375,10.045877990728117,29074.091797000023,23060.53492683515
190,10.27650270843985,10.043889389201386,29042.126952999984,23014.722278520905
191,10.276493360458232,10.043392238819704,29041.855469000016,23003.283344226722
192,10.281258634252001,10.043392238819704,29180.578124999996,23003.283344226722
193,10.301105021247853,10.045877990728117,29765.492188000007,23060.53492683515
194,10.294227919826678,10.043889389201386,29561.49414099999,23014.722278520905
195,10.289755970828912,10.045380840346434,29429.591796999986,23049.073222425886
196,10.288672223911362,10.04438653958307,29397.714844,23026.166901099532
197,10.289292827848493,10.045877990728117,29415.96484400002,23060.53492683515
198,10.284759487132625,10.045877990728117,29282.914063000004,23060.53492683515
199,10.289037101177515,10.043889389201386,29408.44335899999,23014.722278520905
200,10.280907981062942,10.045380840346434,29170.347655999984,23049.073222425886
201,10.264714396237164,10.044883689964752,28701.779296999983,23037.61721479119
202,10.19109027612737,10.043889389201386,26664.550780999984,23014.722278520905
203,10.167756027497331,10.037426434239512,26049.556640999992,22866.458791172896
204,10.169545183428935,10.038420735002877,26096.205078,22889.206235631027
205,10.173117052839515,10.037426434239512,26189.583984000023,22866.458791172896
206,10.170615093989227,10.037923584621193,26124.140625000015,22877.829686176825
207,10.167068624469975,10.037426434239512,26031.656250000022,22866.458791172896
208,10.182317080019136,10.037426434239512,26431.64062500002,22866.458791172896
209,10.172077514262787,10.039415035766242,26162.37304699998,22911.976309138725
210,10.167683521830668,10.038420735002877,26047.667968999987,22889.206235631027
211,10.166177259849043,10.037923584621193,26008.462890999992,22877.829686176825
212,10.169295624861245,10.037923584621193,26089.693359000015,22877.829686176825
213,10.169926212715104,10.038420735002877,26106.15039100002,22889.206235631027
214,10.230176105267082,10.038420735002877,27727.392578000006,22889.206235631027
215,10.214541815900267,10.043392238819704,27297.26562499999,23003.283344226722
216,10.163212670441037,10.044883689964752,25931.472656000005,23037.61721479119
217,10.158157856135471,10.03891788538456,25800.724609000023,22900.58844234727
218,10.16079284302365,10.038420735002877,25868.798828000003,22889.206235631027
219,10.164680608560541,10.03891788538456,25969.566405999987,22900.58844234727
220,10.158610896080662,10.03891788538456,25812.416015999985,22900.58844234727
221,10.157353594646553,10.03891788538456,25779.98242199999,22900.58844234727
222,10.156315580835258,10.039912186147925,25753.23632800002,22923.369838820083
223,10.175047686361117,10.039415035766242,26240.195313,22911.976309138725
224,10.162216536486378,10.041900787674656,25905.65429699999,22969.000642785217
225,10.161831350903993,10.039415035766242,25895.67773400001,22911.976309138725
226,10.159378083032973,10.03891788538456,25832.22656300001,22900.58844234727
227,10.133116201951104,10.03891788538456,25162.654297,22900.58844234727
228,10.159421329899054,10.033946381567732,25833.34375,22787.020614852827
229,10.174595182867272,10.039415035766242,26228.32421900001,22911.976309138725
230,10.186396017984002,10.041403637292973,26539.67382800002,22957.58443337034
231,10.188993259383937,10.041403637292973,26608.693358999983,22957.58443337034
232,10.18747334904391,10.040409336529608,26568.281249999993,22934.769034207304
233,10.186189274857261,10.041900787674656,26534.18749999998,22969.000642785217
234,10.194449786247013,10.041900787674656,26754.281249999993,22969.000642785217
235,10.21138088892782,10.041900787674656,27211.117188,22969.000642785217
236,10.208469410028481,10.042397938056338,27132.007812999982,22980.42252918396
237,10.187448942312175,10.042397938056338,26567.632812999982,22980.42252918396
238,10.187898092820102,10.040409336529608,26579.568358999994,22934.769034207304
239,10.187891405932195,10.042397938056338,26579.390624999996,22980.42252918396
240,10.17568127886164,10.04090648691129,26256.826172000012,22946.17389811776
241,10.177266439652604,10.042397938056338,26298.480469000006,22980.42252918396
242,10.174172870047572,10.041900787674656,26217.250000000007,22969.000642785217
243,10.179326652905106,10.04090648691129,26352.71679700002,22946.17389811776
244,10.204389859135322,10.041900787674656,27021.546875000022,22969.000642785217
245,10.20031718456038,10.042895088438021,26911.720703000017,22991.85009538967
246,10.202403142699614,10.042397938056338,26967.916016000003,22980.42252918396
247,10.23937926354209,10.042895088438021,27983.74999999999,22991.85009538967
248,10.223060117744495,10.043889389201386,27530.785156000016,23014.722278520905
249,10.219391800701302,10.043889389201386,27429.97851600001,23014.722278520905
250,10.23276951998112,10.043392238819704,27799.39453099999,23003.283344226722
251,10.218878857720593,10.042895088438021,27415.91210900001,22991.85009538967
252,10.238050741513481,10.043889389201386,27946.59765599999,23014.722278520905
253,10.238846306751547,10.043392238819704,27968.839843999987,23003.283344226722
254,10.237638878068497,10.043889389201386,27935.089844000013,23014.722278520905
255,10.224979490318026,10.043889389201386,27583.677733999994,23014.722278520905
256,10.217970484309902,10.043889389201386,27391.019530999987,23014.722278520905
257,10.198889263495364,10.042397938056338,26873.320313000007,22980.42252918396
258,10.194543881824908,10.041403637292973,26756.79882799999,22957.58443337034
259,10.198481887612811,10.04090648691129,26862.37500000002,22946.17389811776
260,10.198457020961774,10.042397938056338,26861.70703099998,22980.42252918396
261,10.209487781296158,10.041403637292973,27159.652344000016,22957.58443337034
262,10.2583421785961,10.042397938056338,28519.46679699998,22980.42252918396
263,10.254698779163343,10.044883689964752,28415.748047000012,23037.61721479119
264,10.25161805941367,10.043889389201386,28328.341797000012,23014.722278520905
265,10.265342290583787,10.044883689964752,28719.80664100001,23037.61721479119
266,10.298328059561703,10.045380840346434,29682.949218999995,23049.073222425886
267,10.306229359456824,10.050352344163262,29918.412108999975,23163.94708925888
268,10.308749189412092,10.045380840346434,29993.896484000004,23049.073222425886
269,10.406872594953755,10.045380840346434,33086.234375,23049.073222425886
270,10.431215346748903,10.05184379530831,33901.52734400001,23198.52076073106
271,10.448796347881148,10.054826697598406,34502.820313000004,23267.82299093979
272,10.438712529447361,10.054329547216723,34156.64843799998,23256.258258802598
273,10.431459360168779,10.053832396835041,33909.80078099999,23244.699274647515
274,10.436746875144886,10.051346644926626,34089.574219000024,23186.990473661168
275,10.449829357362928,10.054826697598406,34538.48046900003,23267.82299093979
276,10.448783101571923,10.052838096071675,34502.36328100002,23221.598538857303
277,10.453566040380862,10.05184379530831,34667.781250000015,23198.52076073106
278,10.475518915994495,10.05184379530831,35437.25390599998,23198.52076073106
279,10.461337272977723,10.054826697598406,34938.242188,23267.82299093979
280,10.455426066015464,10.051346644926626,34732.324219,23186.990473661168
281,10.465449024716202,10.052838096071675,35082.19531299998,23221.598538857303
282,10.46451250339209,10.053832396835041,35049.35546900003,23244.699274647515
283,10.464170516379584,10.05582099836177,35037.371094000024,23290.96971059506
284,10.475696921676048,10.052838096071675,35443.562500000015,23221.598538857303
285,10.481652446976534,10.05184379530831,35655.27734399998,23198.52076073106
286,10.510344686793989,10.053335246453358,36693.12499999998,23233.146035617563
287,10.527123032844324,10.053832396835041,37313.96875000003,23244.699274647515
288,10.522397350519183,10.053832396835041,37138.050780999976,23244.699274647515
289,10.520145607927086,10.05532384798009,37054.51953099997,23279.39347391738
290,10.505132070885653,10.054826697598406,36502.35546899998,23267.82299093979
291,10.47834771303901,10.053335246453358,35537.64062500003,23233.146035617563
292,10.542193912308688,10.048860893018214,37880.582031000005,23129.42494429442
293,10.495564156117707,10.053832396835041,36154.769530999976,23244.699274647515
294,10.507712903098133,10.050352344163262,36596.68359399999,23163.94708925888
295,10.507412818075638,10.053335246453358,36585.703124999985,23233.146035617563
296,10.529066209467143,10.05184379530831,37386.54687499999,23198.52076073106
297,10.531481543915467,10.053335246453358,37476.957031000005,23233.146035617563
298,10.486088922000189,10.054329547216723,35813.81249999999,23256.258258802598
299,10.530290311474705,10.049855193781578,37432.339844000024,23152.433986231077
300,10.526470312059296,10.05184379530831,37289.621093999995,23198.52076073106
301,10.537953192976223,10.05184379530831,37720.28124999998,23198.52076073106
302,10.53997953591844,10.05532384798009,37796.79296900003,23279.39347391738
303,10.531539286077402,10.05532384798009,37479.12109399997,23279.39347391738
304,10.525519109333521,10.05184379530831,37254.16796899998,23198.52076073106
305,10.540886422951262,10.052838096071675,37831.085938000026,23221.598538857303
306,10.541610597979746,10.054826697598406,37858.492187999975,23267.82299093979
307,10.537753408974696,10.05582099836177,37712.746094,23290.96971059506
308,10.563304139082696,10.054329547216723,38688.75000000003,23256.258258802598
309,10.583456582215083,10.05582099836177,39476.33203100001,23290.96971059506
310,10.596094352741906,10.05532384798009,39978.39062500001,23279.39347391738
311,10.644950919622513,10.05582099836177,41980.09765599996,23290.96971059506
312,10.693776154199542,10.056318148743454,44080.648438,23302.551703834088
313,10.68616563849623,10.054826697598406,43746.44531299997,23267.82299093979
314,10.675738478459364,10.054826697598406,43292.66406300002,23267.82299093979
315,10.695724161693935,10.054826697598406,44166.601563000004,23267.82299093979
316,10.685697812497887,10.05532384798009,43725.98437500004,23279.39347391738
317,10.68692550077002,10.05582099836177,43779.699219000024,23290.96971059506
318,10.627256854061411,10.05582099836177,41243.832031000034,23290.96971059506
319,10.632248532225733,10.052340945689993,41450.222656,23210.05678151271
320,10.666411281814458,10.051346644926626,42890.74218799999,23186.990473661168
321,10.669512742956194,10.054826697598406,43023.972655999976,23267.82299093979
322,10.643751064164345,10.053832396835041,41929.757813000004,23244.699274647515
323,10.651125692713416,10.052340945689993,42240.117188000004,23210.05678151271
324,10.630182270305195,10.05532384798009,41364.664063000026,23279.39347391738
325,10.660161939816627,10.051346644926626,42623.53906300001,23186.990473661168
326,10.651845369092195,10.05532384798009,42270.527343999995,23279.39347391738
327,10.684010106331032,10.05582099836177,43652.25000000002,23290.96971059506
328,10.688966671976779,10.053832396835041,43869.15234400001,23244.699274647515
329,10.691897237763957,10.05582099836177,43997.902344,23290.96971059506
330,10.686007845365014,10.053832396835041,43739.54296900003,23244.699274647515
331,10.66933014277444,10.054329547216723,43016.117188,23256.258258802598
332,10.68311377440979,10.05532384798009,43613.14062500003,23279.39347391738
333,10.657739294875839,10.054329547216723,42520.40234400004,23256.258258802598
334,10.679201686080054,10.05532384798009,43442.85546900004,23279.39347391738
335,10.660263202817129,10.05532384798009,42627.85546899997,23279.39347391738
336,10.647788823465195,10.051346644926626,42099.40234400004,23186.990473661168
337,10.649153706701869,10.052838096071675,42156.90234399997,23221.598538857303
338,10.651719035647995,10.052340945689993,42265.187500000015,23210.05678151271
339,10.69574070047966,10.051346644926626,44167.332031000005,23186.990473661168
340,10.713483304498926,10.054329547216723,44957.968749999985,23256.258258802598
341,10.665418350914337,10.053832396835041,42848.17578100001,23244.699274647515
342,10.696025708638457,10.052838096071675,44179.921875,23221.598538857303
343,10.695635625787643,10.054826697598406,44162.691406000005,23267.82299093979
344,10.691699321677161,10.053832396835041,43989.195313000026,23244.699274647515
345,10.690650840859329,10.054329547216723,43943.09765599998,23256.258258802598
346,10.75727510721557,10.054329547216723,46970.50390600002,23256.258258802598
347,10.739429690119872,10.056815299125137,46139.730468999995,23314.139456497007
348,10.749951722871764,10.05532384798009,46627.777344,23279.39347391738
349,10.744377481729662,10.056815299125137,46368.585938,23314.139456497007
350,10.665534852891719,10.054329547216723,42853.16796899997,23256.258258802598
351,10.66528314423337,10.050849494544945,42842.38281300003,23175.465917453264
352,10.64056236886036,10.048860893018214,41796.26953100003,23129.42494429442
353,10.657540932912761,10.044883689964752,42511.96875000002,23037.61721479119
354,10.672552297430153,10.050849494544945,43154.945312999975,23175.465917453264
355,10.662952584598555,10.048860893018214,42742.65234400002,23129.42494429442
356,10.627698678594385,10.050352344163262,41262.058594000024,23163.94708925888
357,10.6362978063264,10.04438653958307,41618.40625000003,23026.166901099532
358,10.637430789791946,10.044883689964752,41665.58593799999,23037.61721479119
359,10.634551354849371,10.046872291491482,41545.78515599999,23083.475437310062
360,10.58424244458679,10.0463751411098,39507.367188000004,23072.0023308518
361,10.592766028825782,10.043889389201386,39845.55078099999,23014.722278520905
362,10.59855973456628,10.042895088438021,40077.07421899998,22991.85009538967
363,10.594978577276809,10.044883689964752,39933.80859399997,23037.61721479119
364,10.641055151771345,10.043392238819704,41816.87109400003,23003.283344226722
365,10.648279264632635,10.0463751411098,42120.054688000026,23072.0023308518
366,10.646272008603455,10.045877990728117,42035.59375,23060.53492683515
367,10.675636424346145,10.0463751411098,43288.24609399998,23072.0023308518
368,10.667852679350434,10.049358043399897,42952.60937499997,23140.92660552433
369,10.659201126547257,10.048860893018214,42582.605468999966,23129.42494429442
370,10.670716016847233,10.050352344163262,43075.77343799996,23163.94708925888
371,10.673268391365871,10.050352344163262,43185.85937500001,23163.94708925888
372,10.66877514587372,10.048860893018214,42992.249999999985,23129.42494429442
373,10.659224059639104,10.048860893018214,42583.58203100002,23129.42494429442
374,10.660985767182483,10.048860893018214,42658.667968999995,23129.42494429442
375,10.670922571885322,10.050849494544945,43084.67187500001,23175.465917453264
376,10.699151218089963,10.049855193781578,44318.222656000034,23152.433986231077
377,10.721096889372198,10.05184379530831,45301.56640599996,23198.52076073106
378,10.761029884791432,10.054826697598406,47147.199219,23267.82299093979
379,10.774179845486426,10.05582099836177,47771.277343999966,23290.96971059506
380,10.785060909744955,10.054329547216723,48293.91796900003,23256.258258802598
381,10.818942388266425,10.053832396835041,49958.222656000034,23244.699274647515
382,10.814613799506285,10.058306750270186,49742.44140599998,23348.9372996763
383,10.855660649031368,10.05582099836177,51826.695313000004,23290.96971059506
384,10.857816658260456,10.054826697598406,51938.554688000026,23267.82299093979
385,10.86207509086059,10.054826697598406,52160.20312499996,23267.82299093979
386,10.852497061367641,10.056815299125137,51662.996094000024,23314.139456497007
387,10.861352895643515,10.054826697598406,52122.54687499997,23267.82299093979
388,10.85474273194464,10.056318148743454,51779.144530999954,23302.551703834088
389,10.86446241128679,10.054826697598406,52284.875000000044,23267.82299093979
390,10.855901506981203,10.057809599888502,51839.17968799997,23337.332251551943
391,10.845542959326671,10.05582099836177,51304.972656000005,23290.96971059506
392,10.834311153220959,10.056815299125137,50731.94921899998,23314.139456497007
393,10.850716747355944,10.054826697598406,51571.10156299999,23267.82299093979
394,10.853855760709653,10.05582099836177,51733.238280999954,23290.96971059506
395,10.906366948376016,10.054826697598406,54522.402343999966,23267.82299093979
396,10.952303164816284,10.058306750270186,57085.371093999995,23348.9372996763
397,11.042998457796946,10.059798201415234,62504.789062999946,23383.787080860522
398,11.021876043527097,10.058803900651867,61198.38281299996,23360.5481186891
399,11.04197150931536,10.058803900651867,62440.63281299998,23360.5481186891
400,11.03537096199123,10.058803900651867,62029.84765599995,23360.5481186891
401,11.053543166658232,10.060295351796915,63167.371093999995,23395.415229762762
402,11.132110247510598,10.059798201415234,68330.41406299997,23383.787080860522
403,11.06352726569228,10.063775404468695,63801.199219000046,23476.974339727833
404,11.09902696589679,10.056318148743454,66106.80468800002,23302.551703834088
405,11.111335105941743,10.059798201415234,66925.48437500006,23383.787080860522
406,11.13166641817873,10.05930105103355,68300.09375,23372.164711460144
407,11.134572714818049,10.060792502178598,68498.882813,23407.049161040948
408,11.142148540475201,10.058306750270186,69019.78906300006,23348.9372996763
409,11.186140839050703,10.059798201415234,72123.90625000003,23383.787080860522
410,11.17719100300835,10.05930105103355,71481.28906300003,23372.164711460144
411,11.19935790206543,10.05930105103355,73083.49999999997,23372.164711460144
412,11.176005440607048,10.062781103705328,71396.59375000001,23453.64276744257
413,11.14769651732225,10.060295351796915,69403.77343799996,23395.415229762762
414,11.086978792116405,10.05930105103355,65315.11718799995,23372.164711460144
415,11.13299103281336,10.058306750270186,68390.62499999994,23348.9372996763
416,11.120602525258992,10.057312449506819,67548.59374999999,23325.732971447786
417,11.03348179341006,10.058306750270186,61912.773438,23348.9372996763
418,11.125992646370758,10.05582099836177,67913.67187500001,23290.96971059506
419,11.089673972144544,10.057809599888502,65491.39062499996,23337.332251551943
420,11.063175525496305,10.056318148743454,63778.76171900003,23302.551703834088
421,11.067609814157786,10.05532384798009,64062.20312500003,23279.39347391738
422,11.115936907308464,10.05582099836177,67234.17187499997,23290.96971059506
423,11.155661955003344,10.056318148743454,69958.8125,23302.551703834088
424,11.156076733617052,10.05930105103355,69987.83593799997,23372.164711460144
425,11.148439289066957,10.060295351796915,69455.34375000001,23395.415229762762
426,11.166836479038837,10.058803900651867,70744.95312499997,23360.5481186891
427,11.154718321026634,10.058306750270186,69892.82812500004,23348.9372996763
428,11.15117056398513,10.056318148743454,69645.30468799995,23302.551703834088
429,11.175123422681263,10.056318148743454,71333.64843800006,23302.551703834088
430,11.15198642034817,10.058306750270186,69702.14843800006,23348.9372996763
431,11.088995515967289,10.058306750270186,65446.972655999954,23348.9372996763
432,11.09711925904443,10.054329547216723,65980.8125,23256.258258802598
433,11.134718121756292,10.053832396835041,68508.84375000003,23244.699274647515
434,11.124872491338003,10.058306750270186,67837.64062500003,23348.9372996763
435,11.140354987700567,10.056318148743454,68896.10937499997,23302.551703834088
436,11.147102443071402,10.057809599888502,69362.55468799999,23337.332251551943
437,11.179288237161215,10.056815299125137,71631.35937499994,23314.139456497007
438,11.143874475957427,10.058803900651867,69139.01562499997,23360.5481186891
439,11.164613777207045,10.057809599888502,70587.88281299996,23337.332251551943
440,11.15711599461545,10.056815299125137,70060.60937500006,23314.139456497007
441,11.115367024441456,10.058306750270186,67195.867188,23348.9372996763
442,11.063844974714863,10.054826697598406,63821.47265599997,23267.82299093979
443,11.093443476221346,10.054826697598406,65738.72656300002,23267.82299093979
444,11.057632476725114,10.05582099836177,63426.210938000026,23290.96971059506
445,11.063694396890542,10.051346644926626,63811.86328099999,23186.990473661168
446,11.023154811540435,10.052340945689993,61276.691406,23210.05678151271
447,11.058996013626727,10.047369441873165,63512.75390600004,23094.95424904569
448,11.064191156515406,10.05184379530831,63843.57031299999,23198.52076073106
449,11.082057028390233,10.05184379530831,64994.441406000056,23198.52076073106
450,11.081013365913662,10.054826697598406,64926.64453100005,23267.82299093979
451,11.110022267684268,10.05532384798009,66837.67968799996,23279.39347391738
452,11.103561869194403,10.054329547216723,66407.27343799999,23256.258258802598
453,11.082569801346285,10.054826697598406,65027.77734400004,23267.82299093979
