Date,Rolling variance
2018-02-01,
2018-02-02,
2018-02-03,
2018-02-04,
2018-02-05,
2018-02-06,
2018-02-07,
2018-02-08,
2018-02-09,
2018-02-10,
2018-02-11,
2018-02-12,
2018-02-13,
2018-02-14,
2018-02-15,
2018-02-16,
2018-02-17,
2018-02-18,
2018-02-19,
2018-02-20,
2018-02-21,
2018-02-22,
2018-02-23,
2018-02-24,
2018-02-25,
2018-02-26,
2018-02-27,
2018-02-28,
2018-03-01,
2018-03-02,1460317.559741889
2018-03-03,1574892.552702282
2018-03-04,1662664.4137159465
2018-03-05,1760637.3197827332
2018-03-06,1702808.3196238393
2018-03-07,1392447.9662134927
2018-03-08,1227398.669512858
2018-03-09,1036905.1240236713
2018-03-10,972240.7567979243
2018-03-11,914562.8856195199
2018-03-12,863813.8609008936
2018-03-13,750695.0170207032
2018-03-14,823677.536155758
2018-03-15,859453.7757307296
2018-03-16,959362.7680401774
2018-03-17,1125511.7674203068
2018-03-18,1238197.8966361473
2018-03-19,1254470.593284326
2018-03-20,1273162.4410237197
2018-03-21,1234399.9263484066
2018-03-22,1176016.228493641
2018-03-23,1162262.1339863406
2018-03-24,1188617.2859942138
2018-03-25,1209982.5639676964
2018-03-26,1265501.6353473258
2018-03-27,1354822.9783913516
2018-03-28,1392195.3537050749
2018-03-29,1475681.732208046
2018-03-30,1602359.6375496318
2018-03-31,1624551.7118280523
2018-04-01,1607248.817863381
2018-04-02,1447812.443882741
2018-04-03,1206281.6985878842
2018-04-04,965804.9769483196
2018-04-05,838336.0378322491
2018-04-06,817065.8929916475
2018-04-07,809934.5573938128
2018-04-08,786143.0684672322
2018-04-09,806315.6270557423
2018-04-10,743986.0584684317
2018-04-11,698877.1483941224
2018-04-12,626232.9401671886
2018-04-13,616548.6121271774
2018-04-17,605353.3283993581
2018-04-18,598524.4157086223
2018-04-19,609388.8356697728
2018-04-20,644996.7369533253
2018-04-21,664061.858508406
2018-04-22,655366.754168594
2018-04-23,655500.2042004534
2018-04-24,754168.4301053825
2018-04-25,751573.6449452068
2018-04-26,802886.8253023244
2018-04-27,835452.51503129
2018-04-28,911774.1125842397
2018-04-29,996352.9360313517
2018-04-30,1058157.7658811691
2018-05-01,1083440.1755529044
2018-05-02,1089408.6046660044
2018-05-03,1136621.0805389108
2018-05-04,1149845.912741566
2018-05-05,1182710.0368531207
2018-05-06,1208997.0239654453
2018-05-07,1148658.1000506482
2018-05-08,1061758.8500408432
2018-05-09,941676.8654764115
2018-05-10,834129.2728467253
2018-05-11,732881.9601947528
2018-05-12,591449.3797261214
2018-05-13,447946.8407501907
2018-05-14,315443.4792760686
2018-05-15,281984.7593057361
2018-05-16,253719.12268647293
2018-05-17,240302.69859820252
2018-05-18,235425.99127904428
2018-05-19,237846.8556945299
2018-05-20,245408.58649046713
2018-05-21,256532.81819516717
2018-05-22,285543.2255442348
2018-05-23,351374.4296443367
2018-05-24,386166.9055848482
2018-05-25,448384.34914851864
2018-05-26,508147.7989965248
2018-05-27,567542.5990418985
2018-05-28,629118.3098009654
2018-05-29,646654.5573150737
2018-05-30,670677.0896187106
2018-05-31,687398.5388061104
2018-06-01,688778.0058610094
2018-06-02,637149.3781701504
2018-06-03,576876.4956370876
2018-06-04,497813.016531404
2018-06-05,425352.6285935638
2018-06-06,371835.2755240401
2018-06-07,323629.8942660944
2018-06-08,262438.4292782128
2018-06-09,221949.70661848187
2018-06-10,248565.0668338682
2018-06-11,258124.89813869775
2018-06-12,269523.2532513993
2018-06-13,289411.4708900709
2018-06-14,288435.33936062094
2018-06-15,302941.01818357414
2018-06-16,318153.688815899
2018-06-17,322386.6966259674
2018-06-18,308280.9250886708
2018-06-19,267391.55225761625
2018-06-20,227440.3761121714
2018-06-21,210254.165372182
2018-06-22,243664.6205903918
2018-06-23,265888.90703330375
2018-06-24,286516.406903403
2018-06-25,302757.2368842555
2018-06-26,324265.06346784724
2018-06-27,343944.428491169
2018-06-28,366409.41843948077
2018-06-29,369461.1302426759
2018-06-30,359130.2442670041
2018-07-01,344036.2890208326
2018-07-02,316282.69501858193
2018-07-03,281459.03824156045
2018-07-04,256777.8782705662
2018-07-05,222302.16842159096
2018-07-06,184245.32193350737
2018-07-07,144783.617114505
2018-07-08,106259.52361707969
2018-07-09,72405.40752792866
2018-07-10,70421.22196790726
2018-07-11,64343.52259594534
2018-07-12,65775.98108907318
2018-07-13,67030.26270095554
2018-07-14,66268.25788180958
2018-07-15,66480.05192450233
2018-07-16,69183.29111472581
2018-07-17,94794.09626399285
2018-07-18,119804.77078916407
2018-07-19,149298.09753686606
2018-07-20,170781.34894334982
2018-07-21,195861.36855157188
2018-07-22,211531.35055658326
2018-07-23,244412.65432178235
2018-07-24,338567.96383059333
2018-07-25,398974.58001844253
2018-07-26,424278.5726580311
2018-07-27,461874.27988036355
2018-07-28,475545.72429349314
2018-07-29,501164.08308581944
2018-07-30,525254.9077610505
2018-07-31,518971.66883300245
2018-08-01,514161.89577182935
2018-08-02,501688.650231343
2018-08-03,487955.5408352253
2018-08-04,476050.8724557072
2018-08-05,464702.99738075625
2018-08-06,462142.316658787
2018-08-07,462906.1013717184
2018-08-08,485924.00888245297
2018-08-09,472169.8166057335
2018-08-10,486606.70867745765
2018-08-11,481890.52356431005
2018-08-12,476016.4138070174
2018-08-13,474534.7456931532
2018-08-14,485635.7686111432
2018-08-15,508077.78255917766
2018-08-16,536967.4477682054
2018-08-17,550442.8805853677
2018-08-18,568220.7465825948
2018-08-19,581720.6022619066
2018-08-20,601971.782903182
2018-08-21,610989.406604538
2018-08-22,612150.5830182832
2018-08-23,550025.2465959401
2018-08-24,499255.740843429
2018-08-25,461997.8338659396
2018-08-26,403944.1983921213
2018-08-27,338496.71374209767
2018-08-28,269984.3169132733
2018-08-29,201257.49986439903
2018-08-30,163797.99113365356
2018-08-31,137382.21962782805
2018-09-01,118890.22181738018
2018-09-02,111092.05566935861
2018-09-03,118789.24962598504
2018-09-04,129933.30016807698
2018-09-05,127673.00842503103
2018-09-06,127960.61353693464
2018-09-07,124932.21871082713
2018-09-08,131036.08158602084
2018-09-09,127758.63409856998
2018-09-10,126958.05210995782
2018-09-11,126992.26853367743
2018-09-12,125753.67577669275
2018-09-13,119104.95598062497
2018-09-14,115441.67377422864
2018-09-15,112010.31564354882
2018-09-16,112584.17571608831
2018-09-17,115770.96556412522
2018-09-18,117939.43699839582
2018-09-19,115967.21142886418
2018-09-20,115606.84875791722
2018-09-21,112545.32107300275
2018-09-22,111765.86954021621
2018-09-23,111750.75112309185
2018-09-24,111861.22319522157
2018-09-25,113746.81334472561
2018-09-26,113237.43194372545
2018-09-27,106607.79024212465
2018-09-28,100993.81532229952
2018-09-29,96857.05679343916
2018-09-30,90775.41297860838
2018-10-01,78668.65719335461
2018-10-02,62072.73416888379
2018-10-03,44975.703860970556
2018-10-04,21110.43342091835
2018-10-05,18816.673121372245
2018-10-06,19013.18413153712
2018-10-07,19211.853577030884
2018-10-08,16740.381060950403
2018-10-09,15226.435014678616
2018-10-10,13668.093866777566
2018-10-11,14834.685824129636
2018-10-12,16078.513272246875
2018-10-13,18311.279664574802
2018-10-14,20333.859993364567
2018-10-15,20475.930614641347
2018-10-16,20602.169916924926
2018-10-17,18308.595367175552
2018-10-18,17426.816483224564
2018-10-19,16890.94806232082
2018-10-20,16984.171495618994
2018-10-21,15858.972715304646
2018-10-22,14747.491824751227
2018-10-23,13693.293486408267
2018-10-24,13534.728703027067
2018-10-25,13411.354319422675
2018-10-26,13462.54614569164
2018-10-27,12641.253169431911
2018-10-28,12062.062186370838
2018-10-29,12760.573586106306
2018-10-30,13074.808656989924
2018-10-31,13685.497603236365
2018-11-01,13829.67168027161
2018-11-02,14052.255854857673
2018-11-03,14042.167841919161
2018-11-04,13384.575985187184
2018-11-05,12799.509066786595
2018-11-06,11982.38608322462
2018-11-07,10743.980681929183
2018-11-08,9320.46478313132
2018-11-09,8587.925485586517
2018-11-10,7544.185615439432
2018-11-11,6662.1822126560555
2018-11-12,6006.0754572535
2018-11-13,5450.309601484174
2018-11-14,20965.522629936666
2018-11-15,39104.334197582066
2018-11-16,59654.399631917106
2018-11-17,80041.89923137288
2018-11-18,95261.54129469224
2018-11-19,160558.43801544717
2018-11-20,263861.6380794607
2018-11-21,341197.3022018992
2018-11-22,436085.63083384046
2018-11-23,522113.0208636174
2018-11-24,655363.3213050055
2018-11-25,756713.8882066662
2018-11-26,872725.6109154422
2018-11-27,966389.6814723703
2018-11-28,1007751.371885855
2018-11-29,1037324.9333479179
2018-11-30,1080975.890144745
2018-12-01,1091712.7436559491
2018-12-02,1096444.2771583775
2018-12-03,1111481.9177531204
2018-12-04,1106163.6750814412
2018-12-05,1099372.7373708407
2018-12-06,1092358.7073919068
2018-12-07,1066745.1831045006
2018-12-08,1023466.3169791288
2018-12-09,958179.976320373
2018-12-10,879557.5979713511
2018-12-11,786365.7450698338
2018-12-12,674679.5348551113
2018-12-13,555414.7285987964
2018-12-14,501371.31080671004
2018-12-15,443544.9571319712
2018-12-16,379721.14739193144
2018-12-17,295708.7737822304
2018-12-18,191781.16004848143
2018-12-19,154395.52335523284
2018-12-20,143666.1461003225
2018-12-21,121117.005306414
2018-12-22,110887.11162093066
2018-12-23,100891.20189901785
2018-12-24,103967.67519093987
2018-12-25,101842.1472555112
2018-12-26,102197.39105718571
2018-12-27,102347.00715504868
2018-12-28,94339.80644955437
2018-12-29,84213.21961635497
2018-12-30,81891.92153385257
2018-12-31,73106.5994418343
2019-01-01,67062.47769342722
2019-01-02,67833.64261042481
2019-01-03,66125.48326328743
2019-01-04,66951.3516251166
2019-01-05,66629.8232078714
2019-01-06,68188.00178291499
2019-01-07,68820.62026297663
2019-01-08,70902.77633135868
2019-01-09,71016.00591802015
2019-01-10,67029.87540801457
2019-01-11,64273.38570067911
2019-01-12,56883.76515571277
2019-01-13,48127.009356932474
2019-01-14,36854.960959722455
2019-01-15,26639.078938564424
2019-01-16,24821.3987643071
2019-01-17,25009.789093641284
2019-01-18,25859.272287832613
2019-01-19,23114.783152850472
2019-01-20,24602.379753318077
2019-01-21,25038.449632931817
2019-01-22,24872.09658360804
2019-01-23,23136.549516075964
2019-01-24,24037.754074267297
2019-01-25,24617.85972635077
2019-01-26,25077.954428593745
2019-01-27,24973.57131152929
2019-01-28,27207.558212082313
2019-01-29,29171.67805255892
2019-01-30,30932.18680816822
2019-01-31,32331.31840854091
2019-02-01,31500.625923829655
2019-02-02,31445.72618582336
2019-02-03,31545.937818010632
2019-02-04,31529.59583194716
2019-02-05,25782.918531949428
2019-02-06,21358.52362853986
2019-02-07,16077.543793396682
2019-02-08,9118.311731530548
2019-02-09,9062.869354822815
2019-02-10,9085.82429698822
2019-02-11,9011.112236562056
2019-02-12,9226.727352247191
2019-02-13,8734.557060956271
2019-02-14,8684.476365972632
2019-02-15,8525.116119121438
2019-02-16,8238.436645602358
2019-02-17,8345.925377962109
2019-02-18,11577.0830884497
2019-02-19,16192.475648104726
2019-02-20,21874.619161197224
2019-02-21,26043.753459046624
2019-02-22,31149.274741522742
2019-02-23,39981.334863249285
2019-02-24,40813.68886719513
2019-02-25,42487.21142037114
2019-02-26,43494.151372081105
2019-02-27,43093.48016080277
2019-02-28,42036.601838373535
2019-03-01,41283.27553449734
2019-03-02,39768.047042560436
2019-03-03,38273.15204480213
2019-03-04,36671.16340325708
2019-03-05,34616.22014746733
2019-03-06,32095.30722074941
2019-03-07,29343.485765906138
2019-03-08,24750.394060199935
2019-03-09,19686.30214537588
2019-03-10,19360.678264571696
2019-03-11,18615.041361860785
2019-03-12,17976.373641438862
2019-03-13,16687.70321199732
2019-03-14,15384.141644504643
2019-03-15,13745.801024351877
2019-03-16,12298.164337717482
2019-03-17,10280.863052815866
2019-03-18,8124.146085635362
2019-03-19,6764.322802562564
2019-03-20,7593.222870444867
2019-03-21,7890.150882102676
2019-03-22,8013.833554444274
2019-03-23,8327.038133541013
2019-03-24,8410.61047736847
2019-03-25,6993.74334967212
2019-03-26,6506.1331297825955
2019-03-27,7074.532765525956
2019-03-28,7225.506469290037
2019-03-29,7489.395247153612
2019-03-30,7718.04131584141
2019-03-31,7830.594626971071
2019-04-01,8366.488207005934
2019-04-02,33761.76924578566
2019-04-03,60742.41569224813
2019-04-04,83955.88035394723
2019-04-05,111506.34723683058
2019-04-06,137640.0414661629
2019-04-07,169286.2949553726
2019-04-08,204631.92310969654
2019-04-09,230141.3284226652
2019-04-10,258251.95808510948
2019-04-11,267510.8125344028
2019-04-12,274733.3894790403
2019-04-13,279716.4636224615
2019-04-14,286027.47182745964
2019-04-15,288298.92372257035
2019-04-16,293947.7022615561
2019-04-17,297228.04094206967
2019-04-18,300680.61082979996
2019-04-19,301597.0534569563
2019-04-20,297698.9473864851
2019-04-21,288721.07965222676
2019-04-22,279622.142229364
2019-04-23,272603.31910934154
2019-04-24,251908.0636518156
2019-04-25,221361.85021731004
2019-04-26,195351.56293044097
2019-04-27,164694.52768006708
2019-04-28,132987.5020774847
2019-04-29,98299.37678880715
2019-04-30,61399.30722958629
2019-05-01,25456.781204198294
2019-05-02,23826.591740716853
2019-05-03,30221.70606165829
2019-05-04,36143.93511321503
2019-05-05,41690.40421929087
2019-05-06,44958.274363013996
2019-05-07,51825.36603232341
2019-05-08,64138.98165162123
2019-05-09,83108.18384371347
2019-05-10,113058.34080044123
2019-05-11,207761.8712179847
2019-05-12,268904.77872279694
2019-05-13,422439.8939062522
2019-05-14,588509.5615373249
2019-05-15,763275.4003118078
2019-05-16,879331.1847645587
2019-05-17,921724.1551219787
2019-05-18,950700.4914730701
2019-05-19,1070011.0349723045
2019-05-20,1145203.5931024647
2019-05-21,1201029.5205733038
2019-05-22,1220569.5471005202
2019-05-23,1258017.4520889476
2019-05-24,1284738.0126161652
2019-05-25,1278779.2278001779
2019-05-26,1328029.850497721
2019-05-27,1366002.7126921036
2019-05-28,1367177.5976210511
2019-05-29,1329929.5973097081
2019-05-30,1251522.9329433343
2019-05-31,1178943.8010463088
2019-06-01,1096761.0419157324
2019-06-02,1041540.4280421352
2019-06-03,944144.07762473
2019-06-04,821012.1375004675
2019-06-05,682544.6631069465
2019-06-06,545945.0332824383
2019-06-07,421659.83186534356
2019-06-08,312787.2275127626
2019-06-09,225255.93953006619
2019-06-10,201366.0751673659
2019-06-11,160707.30204962703
2019-06-12,158237.66197617288
2019-06-13,158476.1385645603
2019-06-14,169913.09291666924
2019-06-15,184870.74530512287
2019-06-16,183916.8131790806
2019-06-17,191907.9202293108
2019-06-18,213345.47077231822
2019-06-19,240274.5159204415
2019-06-20,280518.99573070294
2019-06-21,360925.87220883794
2019-06-22,509592.89543790946
2019-06-23,667682.8873546843
2019-06-24,833487.0857298013
2019-06-25,1136997.3140336268
2019-06-26,1708569.799410083
2019-06-27,1861018.9923426972
2019-06-28,2216691.6865147753
2019-06-29,2432309.675870653
2019-06-30,2481386.0434868108
2019-07-01,2498656.2623484293
2019-07-02,2534833.186826617
2019-07-03,2656656.9367650757
2019-07-04,2590432.00378782
2019-07-05,2493618.7433581497
2019-07-06,2390826.6374963736
2019-07-07,2315350.0393676804
2019-07-08,2292176.6254373332
2019-07-09,2217949.517404428
2019-07-10,2096555.929058858
2019-07-11,1863440.6887201085
2019-07-12,1669602.7036813782
2019-07-13,1440899.06594493
2019-07-14,1283127.0145043898
2019-07-15,1122432.2139676502
2019-07-16,1062257.650731024
2019-07-17,1022358.3988152957
2019-07-18,889595.5241486641
2019-07-19,782591.6238764116
2019-07-20,694448.5137138308
2019-07-21,668295.2238114175
2019-07-22,685243.0689278741
2019-07-23,738421.6211435655
2019-07-24,799490.0892564926
2019-07-25,831531.2763670537
2019-07-26,738587.4602664452
2019-07-27,809589.5003197102
2019-07-28,785560.098999165
2019-07-29,790697.9697140844
2019-07-30,832134.6705654116
2019-07-31,844010.3292769253
2019-08-01,845807.8922181362
2019-08-02,785599.5417179003
2019-08-03,774346.5284837247
2019-08-04,774131.4380596667
2019-08-05,811186.5426677777
2019-08-06,812782.2429895035
2019-08-07,777159.7632887289
2019-08-08,707053.5120681018
2019-08-09,678137.0691304307
2019-08-10,677887.6574510024
2019-08-11,655741.5593686304
2019-08-12,655188.8291830925
2019-08-13,655139.7087992695
2019-08-14,660971.6963825152
2019-08-15,621927.0163591285
2019-08-16,595424.7853047939
2019-08-17,600033.9119005883
2019-08-18,602001.0237411559
2019-08-19,604565.2330391682
2019-08-20,605516.4457125332
2019-08-21,610549.1379754801
2019-08-22,601322.3739227761
2019-08-23,580740.6087689734
2019-08-24,570665.06719621
2019-08-25,559031.8443741726
2019-08-26,514163.74096657796
2019-08-27,478870.14144085225
2019-08-28,461738.949620946
2019-08-29,469356.3074436599
2019-08-30,497703.4284825816
2019-08-31,532123.9766831737
2019-09-01,558370.6709724045
2019-09-02,559480.0532138345
2019-09-03,554879.3781948268
2019-09-04,502956.6318157597
2019-09-05,472850.5251000462
2019-09-06,402080.0727447382
2019-09-07,323050.4533410408
2019-09-08,249626.04687681978
2019-09-09,215754.7784711379
2019-09-10,167442.49131872298
2019-09-11,125757.2116342991
2019-09-12,112272.34761172615
2019-09-13,111391.96995051403
2019-09-14,111653.0797151692
2019-09-15,111456.02283564639
2019-09-16,111456.79808995622
2019-09-17,111164.71535864803
2019-09-18,95430.98130326731
2019-09-19,85297.78659622057
2019-09-20,85142.42202328502
2019-09-21,86179.09812881814
2019-09-22,85334.82188759714
2019-09-23,92624.99088283085
2019-09-24,174080.54625649768
2019-09-25,261390.20198588708
2019-09-26,387215.56363664323
2019-09-27,487989.66768763575
2019-09-28,579667.007912
2019-09-29,686033.6004693394
2019-09-30,766617.6568480474
2019-10-01,838802.7862939639
2019-10-02,887908.2333853274
2019-10-03,923871.4651912207
2019-10-04,954012.8665296563
2019-10-05,977328.1591710444
2019-10-06,1018503.670713222
2019-10-07,1012933.5089660853
2019-10-08,1003186.1787250879
2019-10-09,971991.4187640294
2019-10-10,950850.8648445561
2019-10-11,930915.6796896212
2019-10-12,881654.4916934767
2019-10-13,828139.9006308916
2019-10-14,763427.7653147517
2019-10-15,696640.7567501895
2019-10-16,633527.3936295223
2019-10-17,560750.7082230115
2019-10-18,487161.0205686664
2019-10-19,393474.78652849473
2019-10-20,293284.5393720928
2019-10-21,203445.26421682324
2019-10-22,101930.31316501863
2019-10-23,47452.44585770358
2019-10-24,59313.333150189814
2019-10-25,63867.05395765118
2019-10-26,100099.43854912136
2019-10-27,158007.0169265574
2019-10-28,189826.37305501808
2019-10-29,229322.9750413798
2019-10-30,253177.25546029012
2019-10-31,275115.57924155676
2019-11-01,298965.6227243666
2019-11-02,323304.2614574712
2019-11-03,339267.0235771009
2019-11-04,360843.3567486021
2019-11-05,369041.8755124425
2019-11-06,383234.3550034483
2019-11-07,389935.8137300281
2019-11-08,390294.7166250046
2019-11-09,390566.14542213554
2019-11-10,390056.4956641433
2019-11-11,385094.93160326424
2019-11-12,379469.71313105937
2019-11-13,374768.4451491501
2019-11-14,364104.7251519345
2019-11-15,348461.6854874884
2019-11-16,334051.2781503175
2019-11-17,311658.9954866312
2019-11-18,296640.7772788982
2019-11-19,297320.7867304508
2019-11-20,307674.8243068098
2019-11-21,336437.61276614125
2019-11-22,357520.87746766704
2019-11-23,366472.84409288684
2019-11-24,468726.9813936898
2019-11-25,543449.7137497051
2019-11-26,584141.4026427004
2019-11-27,605117.6961745475
2019-11-28,613707.6563026607
2019-11-29,610569.0296090782
2019-11-30,612382.3161926409
2019-12-01,612415.3018569882
2019-12-02,606284.6696950048
2019-12-03,597820.4426252564
2019-12-04,570018.1716143317
2019-12-05,528572.6873521381
2019-12-06,473833.17483815446
2019-12-07,420215.9845514436
2019-12-08,396585.2308106681
2019-12-09,372905.15906999423
2019-12-10,329290.482058353
2019-12-11,304656.6847645348
2019-12-12,269349.7184708502
2019-12-13,228287.03405329728
2019-12-14,193732.3743257745
2019-12-15,168702.18465101966
2019-12-16,141952.03425474506
2019-12-17,119695.03650149565
2019-12-18,91221.99004153533
2019-12-19,67333.02563282874
2019-12-20,50941.33565161719
2019-12-21,47549.53328556099
2019-12-22,49032.04607204403
2019-12-23,48829.26848995287
2019-12-24,46449.86440783166
2019-12-25,45498.2838384385
2019-12-26,45368.44306003511
2019-12-27,43794.40283500002
2019-12-28,42987.808199013394
2019-12-29,36214.65930013795
2019-12-30,33549.90181956245
2019-12-31,33140.001870947584
2020-01-01,33276.31194351065
2020-01-02,35974.27516684651
2020-01-03,36184.25120935781
2020-01-04,35761.2787593645
2020-01-05,33745.201957612575
2020-01-06,39587.36752776706
2020-01-07,63788.27159656244
2020-01-08,84417.02195151754
2020-01-09,95086.26779581778
2020-01-10,117668.44710105854
2020-01-11,132147.3402278998
2020-01-12,152920.86530045146
2020-01-13,166799.32052799835
2020-01-14,225506.07099367224
2020-01-15,267988.5033648295
2020-01-16,278771.9177445224
2020-01-17,328175.5945314892
2020-01-18,369807.00048427674
2020-01-19,388563.9844082472
2020-01-20,398221.33173179894
2020-01-21,419912.4110575558
2020-01-22,429204.4191197051
2020-01-23,422310.6592433794
2020-01-24,411494.4754563688
2020-01-25,393648.65550618304
2020-01-26,381954.33012858906
2020-01-27,381116.9491759963
2020-01-28,409193.7412432904
2020-01-29,417356.809223948
2020-01-30,422571.63990689727
2020-01-31,405114.32278186904
2020-02-01,358650.112001751
2020-02-02,331367.0194578517
2020-02-03,298242.2118110942
2020-02-04,252851.49782105154
2020-02-05,248149.569972437
2020-02-06,265605.55608833866
2020-02-07,277212.3028448124
2020-02-08,273180.0848975754
2020-02-09,296645.6805581673
2020-02-10,286247.8073113946
2020-02-11,301052.3621086815
2020-02-12,311780.19733942254
2020-02-13,340255.26758141204
2020-02-14,370156.32116512046
2020-02-15,369400.0743667391
2020-02-16,374915.1271514916
2020-02-17,371568.4469907121
2020-02-18,372194.9264749498
2020-02-19,351167.93814903166
2020-02-20,332640.9513310515
2020-02-21,309332.5648167207
2020-02-22,264039.2905389845
2020-02-23,221392.3554784833
2020-02-24,164786.7534380427
2020-02-25,128128.5272847721
2020-02-26,133231.53557030731
2020-02-27,157430.55357827598
2020-02-28,187102.23730421893
2020-02-29,223625.21790184575
2020-03-01,259048.1726502889
2020-03-02,275470.34251113614
2020-03-03,294751.8193257418
2020-03-04,314269.5141036835
2020-03-05,317156.5766046733
2020-03-06,322627.49897684634
2020-03-07,333249.7053729711
2020-03-08,393070.9749267319
2020-03-09,461501.89654208865
2020-03-10,510681.6896087489
2020-03-11,562074.5064521735
2020-03-12,1124791.8998288931
2020-03-13,1465008.947670347
2020-03-14,1848990.076245752
2020-03-15,2120436.5190713783
2020-03-16,2469094.0280143362
2020-03-17,2712404.7851477913
2020-03-18,2931091.4960445496
2020-03-19,2895658.5567048606
2020-03-20,2895037.468118415
2020-03-21,2871991.8236487154
2020-03-22,2850579.461513391
2020-03-23,2743030.036179519
2020-03-24,2550000.409856028
2020-03-25,2382892.0542324143
2020-03-26,2242976.9646549346
2020-03-27,2166488.100340991
2020-03-28,2092578.8394496047
2020-03-29,2036876.7177544986
2020-03-30,1948131.9993385077
2020-03-31,1852850.923684692
2020-04-01,1702828.3862198272
2020-04-02,1553646.3535436795
2020-04-03,1399527.5397179874
2020-04-04,1185318.1211696963
2020-04-05,949915.0416115823
2020-04-06,761891.8235728649
2020-04-07,681027.6038999868
2020-04-08,629373.4687970955
2020-04-09,576260.0722976642
2020-04-10,498532.7668514607
2020-04-11,445137.1562254466
2020-04-12,434219.45199066965
2020-04-13,387936.35681701446
2020-04-14,351437.68693425076
2020-04-15,272264.107897926
2020-04-16,217347.61233871392
2020-04-17,154896.26232385324
2020-04-18,156436.23828857875
2020-04-19,153452.35387446487
2020-04-20,142283.35606544255
2020-04-21,110438.83906776266
2020-04-22,107662.36178098987
2020-04-23,118915.28152117747
2020-04-24,133458.87087436896
2020-04-25,147639.9890105252
2020-04-26,159171.04339144204
2020-04-27,163047.16478116394
2020-04-28,140235.51560062834
2020-04-29,222733.44505730303
2020-04-30,278019.94328393776
2020-05-01,351780.07307906315
2020-05-02,435761.8362699219
2020-05-03,496423.3619922361
2020-05-04,554386.478760857
2020-05-05,607323.2307136132
2020-05-06,696848.6577725678
2020-05-07,862245.0635995963
2020-05-08,1000744.9137856021
2020-05-09,1092442.4906046572
2020-05-10,1075934.815071751
2020-05-11,1043764.7318118804
2020-05-12,1022279.5841842854
2020-05-13,1010377.663065388
2020-05-14,1024493.27762701
2020-05-15,964271.7712164914
2020-05-16,941549.6802171558
2020-05-17,925605.8642387714
2020-05-18,914504.999740765
2020-05-19,882705.5653596702
2020-05-20,787143.2902022841
2020-05-21,661615.683281423
2020-05-22,557768.3208750001
2020-05-23,481243.1162806142
2020-05-24,410916.4920099379
2020-05-25,337348.2353886019
2020-05-26,271990.7617273852
2020-05-27,211618.39091685408
2020-05-28,151700.3909363562
2020-05-29,147690.9954751105
2020-05-30,143400.92896465887
2020-05-31,139141.3293677818
2020-06-01,162052.82768675257
2020-06-02,157141.41671574258
2020-06-03,153830.9414289967
2020-06-04,155313.89141790126
2020-06-05,157293.61134956012
2020-06-06,148951.00954444098
2020-06-07,146577.22339615022
2020-06-08,150141.8559144278
2020-06-09,140403.88126370215
2020-06-10,121646.62879864237
2020-06-11,106768.94491873196
2020-06-12,105069.43198591928
2020-06-13,103055.23394563158
2020-06-14,102527.23159948118
2020-06-15,102138.41595312847
2020-06-16,101085.86127002428
2020-06-17,99041.41595284207
2020-06-18,96924.6034472554
2020-06-19,97880.1925202268
2020-06-20,93427.13935624422
2020-06-21,91525.17706692236
2020-06-22,89971.58436464582
2020-06-23,73095.16667105883
2020-06-24,61537.93559805878
2020-06-25,47123.09852088551
2020-06-26,47586.42189660103
2020-06-27,55844.24651404093
2020-06-28,60543.4467986407
2020-06-29,62752.28011849652
2020-06-30,67098.86387190134
2020-07-01,52579.64484281499
2020-07-02,56070.39569604426
2020-07-03,58539.754941359155
2020-07-04,56129.99114130392
2020-07-05,57090.11963964674
2020-07-06,54484.52708992985
2020-07-07,49597.98077390589
2020-07-08,43719.859191371506
2020-07-09,36591.223987667654
2020-07-10,26162.11351032558
2020-07-11,26310.517976356965
2020-07-12,25240.22996816141
2020-07-13,24217.922723315478
2020-07-14,23962.496697265862
2020-07-15,23264.384933187943
2020-07-16,21482.434326247665
2020-07-17,20198.39660817306
2020-07-18,19572.04158672582
2020-07-19,19619.12217538013
2020-07-20,19512.53289435553
2020-07-21,20012.71621471112
2020-07-22,17031.53121774747
2020-07-23,15786.32079369668
2020-07-24,18690.461189797286
2020-07-25,25051.66246752654
2020-07-26,38747.490842715226
2020-07-27,133585.71894878068
2020-07-28,213507.05788109478
2020-07-29,307163.43331686547
2020-07-30,392267.2674428878
2020-07-31,494692.6441142918
2020-08-01,639339.5978053202
2020-08-02,686512.3607696105
2020-08-03,744653.5501873018
2020-08-04,785609.6827701603
2020-08-05,887803.2888761106
2020-08-06,974601.5470876871
2020-08-07,1037320.8605610353
2020-08-08,1095739.8670997815
2020-08-09,1132463.0940584568
2020-08-10,1172520.2748430497
2020-08-11,1161475.0502279045
2020-08-12,1148738.9068841592
2020-08-13,1138076.5928882705
2020-08-14,1106284.809792708
2020-08-15,1059281.8041027694
2020-08-16,999264.6651175417
2020-08-17,950144.0470539073
2020-08-18,863728.7061817462
2020-08-19,744956.3303939953
2020-08-20,644214.4532593088
2020-08-21,540520.2718504092
2020-08-22,435582.26073372475
2020-08-23,314454.7476897236
2020-08-24,202954.18028279915
2020-08-25,110226.045013442
2020-08-26,98252.1841615774
2020-08-27,84501.17663595089
2020-08-28,75463.21676020893
2020-08-29,66653.06299611961
2020-08-30,63241.182674610274
2020-08-31,62860.50650268473
2020-09-01,53245.72521293504
2020-09-02,49175.171362012436
2020-09-03,111671.38892244878
2020-09-04,154515.92580668043
2020-09-05,222285.82194118484
2020-09-06,276513.2634796795
2020-09-07,317492.8708405481
2020-09-08,374847.83235870174
2020-09-09,411957.3808993571
2020-09-10,445013.68074132374
2020-09-11,470682.2321923139
2020-09-12,484751.4664787366
2020-09-13,501934.1896436185
2020-09-14,493895.15926811437
2020-09-15,478175.28817806457
2020-09-16,432522.2803258989
2020-09-17,402942.7050188455
2020-09-18,384773.40442596003
2020-09-19,358531.3420653827
2020-09-20,345522.7737200122
2020-09-21,334907.33196510415
2020-09-22,319765.3690019031
2020-09-23,304174.90400845645
2020-09-24,294302.64990647347
2020-09-25,278554.77436609037
2020-09-26,268431.5649546539
2020-09-27,247241.5151035983
2020-09-28,226573.2537077884
2020-09-29,192288.97308742435
2020-09-30,157830.36801256388
2020-10-01,96595.7424063981
2020-10-02,73839.28026410645
2020-10-03,69749.28065987884
2020-10-04,69647.29646038251
2020-10-05,63984.160483058
2020-10-06,59815.80847106707
2020-10-07,57337.58087468627
2020-10-08,50104.64782740943
2020-10-09,48363.298910991674
2020-10-10,55853.44149448663
2020-10-11,65837.69114880243
2020-10-12,82613.35713625685
2020-10-13,86995.43550468633
2020-10-14,97691.03714391887
2020-10-15,110888.81714897718
2020-10-16,117089.55997471653
2020-10-17,124181.93065424671
2020-10-18,135180.387306631
2020-10-19,156641.10089880248
2020-10-20,187835.35892301262
2020-10-21,289209.8591209882
2020-10-22,398337.39623405016
2020-10-23,473033.80428594747
2020-10-24,580660.7604708982
2020-10-25,663622.972898285
2020-10-26,741814.4368634981
2020-10-27,881349.9972934597
2020-10-28,949865.2731002775
2020-10-29,1030829.124784158
2020-10-30,1104679.4375889543
2020-10-31,1175255.3126974897
2020-11-01,1213325.6966031496
2020-11-02,1206141.46066797
2020-11-03,1233433.4950544834
2020-11-04,1271180.6791248566
2020-11-05,1495542.8215699764
2020-11-06,1669339.227658429
2020-11-07,1703115.239210183
2020-11-08,1819858.3572731575
2020-11-09,1899152.2385117544
2020-11-10,1946492.3634780701
2020-11-11,2041507.6584919866
2020-11-12,2177030.0739255203
2020-11-13,2266488.2513121273
2020-11-14,2271457.853780463
2020-11-15,2181802.55593866
2020-11-16,2163754.721247983
2020-11-17,2285480.158189626
2020-11-18,2407279.2961643934
2020-11-19,2482829.763161759
2020-11-20,2821278.187834204
2020-11-21,3109712.62710866
2020-11-22,3259085.3507405315
2020-11-23,3369765.6211576997
2020-11-24,3558210.7022717195
2020-11-25,3592738.5186190587
2020-11-26,3456423.4215595257
2020-11-27,3218226.498702794
2020-11-28,3027096.7188738245
2020-11-29,2863657.847817419
2020-11-30,2926166.2514447668
2020-12-01,2765408.069327569
2020-12-02,2557697.1578361895
2020-12-03,2407355.3988823085
2020-12-04,2141104.3132628594
2020-12-05,2133492.321956415
2020-12-06,2116556.6100849365
2020-12-07,1923185.4958493258
2020-12-08,1751567.4379534402
2020-12-09,1544046.1854818817
2020-12-10,1297410.905144399
2020-12-11,1104067.5492818484
2020-12-12,997627.8519779457
2020-12-13,898323.421643165
2020-12-14,748706.4541280654
2020-12-15,566259.1498317337
2020-12-16,702032.1309284188
2020-12-17,1227918.944686314
2020-12-18,1797606.1948378913
2020-12-19,2520326.95649483
2020-12-20,3108197.8563023373
2020-12-21,3475058.4362208587
2020-12-22,4024855.3119439995
2020-12-23,4370454.446959279
2020-12-24,4845436.591788451
2020-12-25,5495469.808265867
2020-12-26,6411599.906175714
2020-12-27,7055902.466798498
2020-12-28,7974156.457145523
2020-12-29,8912307.41256593
2020-12-30,10588693.255421694
2020-12-31,11983594.606308334
2021-01-01,13407071.910797728
2021-01-02,16159234.102624083
2021-01-03,18737955.31439717
2021-01-04,20531602.633590985
2021-01-05,23235815.15797274
2021-01-06,27465527.214312002
2021-01-07,32795685.67770191
2021-01-08,38593975.90178912
2021-01-09,42577146.283530794
2021-01-10,43794490.20568481
2021-01-11,42903675.09251572
2021-01-12,40917200.03494591
2021-01-13,39985748.82879417
2021-01-14,39498437.01737613
2021-01-15,38236165.90096216
2021-01-16,37094847.96246006
2021-01-17,35612832.65322601
2021-01-18,34436661.45453741
2021-01-19,32495259.461583722
2021-01-20,29633508.358490974
2021-01-21,26983160.880460866
2021-01-22,23671561.57795339
2021-01-23,20545147.60717347
2021-01-24,17846737.570532735
2021-01-25,16034011.246659033
2021-01-26,14028620.697387014
2021-01-27,12772520.88548339
2021-01-28,11112975.042675424
2021-01-29,9991062.829453614
2021-01-30,8867334.840210008
2021-01-31,7929796.34522839
2021-02-01,7722441.632592899
2021-02-02,7555444.496211075
2021-02-03,7385189.409811227
2021-02-04,7415100.886762499
2021-02-05,7606450.849509862
2021-02-06,7578085.311364237
2021-02-07,6992683.124273814
2021-02-08,10184442.254487542
2021-02-09,13965291.55669761
2021-02-10,16725615.708224876
2021-02-11,21128698.02283193
2021-02-12,25103140.032989193
2021-02-13,28428976.488754347
2021-02-14,32845472.086763192
2021-02-15,36319599.671027094
2021-02-16,40291724.530552365
2021-02-17,46400063.89232714
2021-02-18,51431568.852007344
2021-02-19,59732820.55039873
2021-02-20,64791287.96715483
2021-02-21,71360079.44813211
2021-02-22,72839568.23405725
2021-02-23,70266723.8488393
2021-02-24,67466426.93329445
2021-02-25,63382819.0710427
2021-02-26,56767894.12756188
2021-02-27,52323158.451036066
2021-02-28,48174931.38778223
2021-03-01,44179343.7890357
2021-03-02,38404468.954464644
2021-03-03,32855873.30696673
2021-03-04,28143898.422572177
2021-03-05,24604915.49202136
2021-03-06,20347040.24213687
2021-03-07,16912976.7497787
2021-03-08,14079385.068872578
2021-03-09,11291109.95281221
2021-03-10,12150773.710834542
2021-03-11,13680470.063806638
2021-03-12,14147158.696198914
2021-03-13,17427315.379704624
2021-03-14,19034682.726624966
2021-03-15,18873844.723550834
2021-03-16,19268901.50109367
2021-03-17,20051246.787742686
2021-03-18,20548860.765140265
2021-03-19,21533688.158489212
2021-03-20,22375103.95537363
2021-03-21,22759720.653392754
2021-03-22,22541184.710371014
2021-03-23,21977930.045745403
2021-03-24,21944551.89083787
2021-03-25,21366046.43280006
2021-03-26,21030993.550876684
2021-03-27,19793628.098440018
2021-03-28,17992625.512097225
2021-03-29,16201781.27849494
2021-03-30,13721472.555710105
2021-03-31,13242956.302630989
2021-04-01,12047021.131478556
2021-04-02,11607593.85979841
2021-04-03,9800807.974138724
2021-04-04,8138753.234826597
2021-04-05,6290110.605077164
2021-04-06,5223849.416973812
2021-04-07,4451615.417418917
2021-04-08,4297088.95525616
2021-04-09,4268852.007360852
2021-04-10,4463401.540788423
2021-04-11,4722406.15917224
2021-04-12,4435576.12426391
2021-04-13,5556468.624076899
2021-04-14,6442721.959950552
2021-04-15,7388419.332060886
2021-04-16,7782625.416747957
2021-04-17,7991660.950565537
2021-04-18,8128093.617165801
2021-04-19,8326736.72944201
2021-04-20,8404424.133194901
2021-04-21,8568787.923460215
2021-04-22,9540241.843633633
2021-04-23,10232328.481557885
2021-04-24,11027285.01680938
2021-04-25,13416650.708077842
2021-04-26,13764928.920168389
2021-04-27,13894365.648069896
2021-04-28,14133597.605147775
2021-04-29,14539915.355701841
2021-04-30,14450589.21600887
2021-05-01,14338996.895090835
2021-05-02,14170172.15312016
2021-05-03,14160816.162537787
2021-05-04,14506060.38614655
2021-05-05,14349459.512600217
2021-05-06,14287480.519700734
2021-05-07,14279978.629023733
2021-05-08,14337829.213792345
2021-05-09,14336590.896930715
2021-05-10,14046644.065001888
2021-05-11,13607044.603918172
2021-05-12,14995764.853103174
2021-05-13,14404078.08449083
2021-05-14,13530188.168727519
2021-05-15,13534519.20270687
2021-05-16,14054354.25558361
2021-05-17,16259330.970485846
2021-05-18,19842974.660387162
2021-05-19,28326696.089315586
2021-05-20,32365649.924159527
2021-05-21,39483472.074056774
2021-05-22,46016479.36688333
2021-05-23,54872809.1774252
2021-05-24,59535757.957388975
2021-05-25,64119608.05179793
2021-05-26,67057259.13558897
2021-05-27,69681892.46976997
2021-05-28,73865628.10041453
2021-05-29,78715022.85970739
2021-05-30,79324946.29596671
2021-05-31,77664026.96827328
2021-06-01,76389339.49843432
2021-06-02,73254872.21718799
2021-06-03,71538650.98110737
2021-06-04,66969129.08931537
2021-06-05,63041670.49113745
2021-06-06,57004315.85013347
2021-06-07,49301454.60101709
2021-06-08,40886148.30461573
2021-06-09,32714823.919066083
2021-06-10,22862062.5695947
2021-06-11,19429899.548384294
2021-06-12,15486915.425670337
2021-06-13,10796653.200498503
2021-06-14,8271957.347357764
2021-06-15,5873823.624796043
2021-06-16,4640195.608617528
2021-06-17,3584336.046572115
2021-06-18,3654110.4967786977
2021-06-19,3269886.830112113
2021-06-20,3326017.5310157817
2021-06-21,4246250.996084292
2021-06-22,4732065.704548671
2021-06-23,4873993.485710857
2021-06-24,4861044.4124812065
2021-06-25,5297300.650129245
2021-06-26,5620085.742471419
2021-06-27,5675384.286647179
2021-06-28,5692843.714159377
2021-06-29,5690941.456536941
2021-06-30,5642968.588267168
2021-07-01,5785675.418399861
2021-07-02,5771464.865037438
2021-07-03,5334496.49363968
2021-07-04,5262428.671762885
2021-07-05,5353948.8331218045
2021-07-06,5385122.293944385
2021-07-07,5352686.542037111
2021-07-08,5439896.694909925
2021-07-09,5356417.565265424
2021-07-10,5357867.21680988
2021-07-11,5192757.248087316
2021-07-12,5286617.908873478
2021-07-13,4790636.763318799
2021-07-14,3783347.7658918463
2021-07-15,2703733.2458820012
2021-07-16,2290649.2496650033
2021-07-17,1841881.1662550247
2021-07-18,1794578.2992267627
2021-07-19,1879559.2791153325
2021-07-20,2100042.3896269724
2021-07-21,2060806.4687895244
2021-07-22,2071419.7136251843
2021-07-23,2067036.269530618
2021-07-24,2034299.9199949005
2021-07-25,2096712.7076759199
2021-07-26,2581274.9142601383
2021-07-27,3718174.498850097
2021-07-28,5052974.147478344
2021-07-29,6207024.410138697
2021-07-30,8465917.295395039
2021-07-31,10276319.57261326
2021-08-01,11265794.944749555
2021-08-02,11948313.874909397
2021-08-03,12312856.199883793
2021-08-04,13026184.163909836
2021-08-05,14086980.933744676
2021-08-06,15843421.317508921
2021-08-07,18162000.809377696
2021-08-08,19954385.32954297
2021-08-09,22933580.34202936
2021-08-10,25225679.39057091
2021-08-11,26937221.026800342
2021-08-12,27570438.923166655
2021-08-13,29718744.99872367
2021-08-14,30465478.96651665
2021-08-15,30451123.772311423
2021-08-16,29472625.482646402
2021-08-17,27729730.413460486
2021-08-18,24987164.83449682
2021-08-19,21598313.344532672
2021-08-20,20395477.394744195
2021-08-21,18459707.511873312
2021-08-22,16952748.831199728
2021-08-23,15440949.73986033
2021-08-24,13490924.62280459
2021-08-25,12635575.202354632
2021-08-26,11928330.384947432
2021-08-27,11750284.268273197
2021-08-28,11347896.304286225
2021-08-29,11422079.732336082
2021-08-30,10961806.705978679
2021-08-31,9865923.250034397
2021-09-01,8511337.780194042
2021-09-02,6455526.500873235
2021-09-03,5123647.079663225
2021-09-04,4071620.205751914
2021-09-05,4007985.7698445064
2021-09-06,4522113.832501375
2021-09-07,3991823.5401539993
2021-09-08,4023455.4089503377
2021-09-09,3916515.7453158363
2021-09-10,4047398.367197661
2021-09-11,3882156.7750804704
2021-09-12,3997840.210899825
2021-09-13,4263243.599462469
2021-09-14,4260956.905446458
2021-09-15,4149337.7698409776
2021-09-16,3790720.1716999197
2021-09-17,3453682.9101988426
2021-09-18,3390713.000827384
2021-09-19,3358401.7128979773
2021-09-20,4221257.710477076
2021-09-21,5819615.936591303
2021-09-22,6186223.995466089
2021-09-23,6380769.808137874
2021-09-24,6910552.169965983
2021-09-25,7538103.852007356
2021-09-26,7812972.205766111
2021-09-27,8289849.07483928
2021-09-28,9060266.956926942
2021-09-29,9754786.76703687
2021-09-30,9875207.980486965
2021-10-01,9746592.970774837
2021-10-02,9453318.056344338
2021-10-03,9040202.809189651
2021-10-04,8825566.033967389
2021-10-05,8729055.772865392
2021-10-06,10269290.77769794
2021-10-07,12360998.193107782
2021-10-08,14430179.56259593
2021-10-09,16905739.210990723
2021-10-10,18968770.01171952
2021-10-11,22502338.672365915
2021-10-12,24917145.24358779
2021-10-13,27718350.186715245
2021-10-14,30478584.82710367
2021-10-15,36212764.93652913
2021-10-16,40920432.24489909
2021-10-17,45672764.27272905
2021-10-18,50506185.573463134
2021-10-19,56596693.34510095
2021-10-20,61677245.20564933
2021-10-21,60893029.302564934
2021-10-22,60313474.378716365
2021-10-23,60267703.80242029
2021-10-24,57927360.932354674
2021-10-25,55792571.37305563
2021-10-26,51959506.64282314
2021-10-27,46106680.09589977
2021-10-28,38877435.19297643
2021-10-29,31816779.028204393
2021-10-30,26004334.68083941
2021-10-31,22999293.09314149
2021-11-01,19238705.650210205
2021-11-02,15903008.193113402
2021-11-03,12680573.96697124
2021-11-04,10400822.44209249
2021-11-05,9674088.46809391
2021-11-06,8273727.234711685
2021-11-07,7025608.847788561
2021-11-08,7304038.650633614
2021-11-09,6892860.0973546645
2021-11-10,6660352.012927588
2021-11-11,5758988.338335898
2021-11-12,5085787.0590781765
2021-11-13,4316855.398571567
2021-11-14,4554939.4021914005
2021-11-15,4458797.050198899
2021-11-16,4642376.9590469105
2021-11-17,4816339.816799207
2021-11-18,5809152.302444494
2021-11-19,5949955.719219458
2021-11-20,6155973.694454971
2021-11-21,6474793.783956918
2021-11-22,7569097.104684966
2021-11-23,8162393.090359507
2021-11-24,9085473.803810518
2021-11-25,9651506.696315033
2021-11-26,11452812.98638667
2021-11-27,12832693.930709602
2021-11-28,13260632.68016935
2021-11-29,13538117.42779328
2021-11-30,13993623.22910116
2021-12-01,14368858.46048198
2021-12-02,14616035.29856037
2021-12-03,15799062.596562559
2021-12-04,19540141.99791679
2021-12-05,22869943.461312294
2021-12-06,25074447.040688142
2021-12-07,26440965.936731063
2021-12-08,25325626.65365673
2021-12-09,25538520.74098027
2021-12-10,26450759.862224486
2021-12-11,25539705.98048177
2021-12-12,24267266.660660576
2021-12-13,23877557.95710617
2021-12-14,22103079.00740129
2021-12-15,19968790.881302282
2021-12-16,19753790.171504237
2021-12-17,19689713.664885968
2021-12-18,20329919.969114397
2021-12-19,20364111.129197415
2021-12-20,19271735.603496306
2021-12-21,17814491.02225056
2021-12-22,17247200.24402538
2021-12-23,15828340.677094612
2021-12-24,14845499.403504975
2021-12-25,13374115.291370504
2021-12-26,13066790.727013389
2021-12-27,12413784.48854603
2021-12-28,10955124.887441173
2021-12-29,9194484.122214207
2021-12-30,7455242.279288542
2021-12-31,5505286.515256222
2022-01-01,3546301.644336618
2022-01-02,2739304.1340301037
2022-01-03,2856775.251649854
2022-01-04,3027634.3165076333
2022-01-05,3557936.9724684656
2022-01-06,4077416.589587934
2022-01-07,5079161.348117212
2022-01-08,6186421.176207854
2022-01-09,7157703.892581819
2022-01-10,7892326.057997539
2022-01-11,8064402.518675374
2022-01-12,8303533.665756824
2022-01-13,8822449.723096969
2022-01-14,8946975.158838535
2022-01-15,9168855.416149013
2022-01-16,9457232.036206461
2022-01-17,9880339.612486804
2022-01-18,10236927.742525116
2022-01-19,10684983.944573332
2022-01-20,10995618.103532705
2022-01-21,13069504.53422046
2022-01-22,14852230.797952585
2022-01-23,15347469.34752015
2022-01-24,15375100.198435422
2022-01-25,14638274.20093691
2022-01-26,13595746.472589873
2022-01-27,13510990.72495115
2022-01-28,13399248.000811204
2022-01-29,12759764.65600661
2022-01-30,12314243.529776532
2022-01-31,11021772.074521268
2022-02-01,9661911.813232476
2022-02-02,8838991.197742753
2022-02-03,8006882.896906487
2022-02-04,7640457.914427878
2022-02-05,7356007.938737024
2022-02-06,7479581.87469193
2022-02-07,7893506.793591145
2022-02-08,8350927.517877751
2022-02-09,8870361.903882334
2022-02-10,9042299.098638255
2022-02-11,8718515.337230787
2022-02-12,8663044.156223325
2022-02-13,8503221.332010094
2022-02-14,8388093.131642553
2022-02-15,8768540.158995876
2022-02-16,9120689.133746345
2022-02-17,8951311.467123104
2022-02-18,8853649.181832613
2022-02-19,8839095.663272705
2022-02-20,8484781.314221239
2022-02-21,7912017.7728206655
2022-02-22,7510170.74275739
2022-02-23,7366212.115951905
2022-02-24,7117492.742159962
2022-02-25,6744691.656980169
2022-02-26,6436481.681085401
2022-02-27,6450251.16769424
2022-02-28,6505109.99571994
2022-03-01,6698769.406597556
2022-03-02,6813506.818000674
2022-03-03,6697695.862831121
2022-03-04,6230146.7423458705
2022-03-05,5774008.775314748
2022-03-06,6039190.681356383
2022-03-07,6353617.473576784
2022-03-08,6457130.403396536
2022-03-09,6198308.975711248
2022-03-10,5876811.688307516
2022-03-11,5511596.909952055
2022-03-12,5256686.891036499
2022-03-13,5306707.802060373
2022-03-14,5166866.644511274
2022-03-15,5030875.416544088
2022-03-16,4845900.146933934
2022-03-17,4135866.770194951
2022-03-18,3680527.5551007907
2022-03-19,3856844.082168003
2022-03-20,3921816.704468827
2022-03-21,3967873.709159508
2022-03-22,4079550.8917616843
2022-03-23,4014921.3774585864
2022-03-24,4322828.255645225
2022-03-25,4455986.445952323
2022-03-26,4731436.241396281
2022-03-27,5790322.943153315
2022-03-28,6817975.11807889
2022-03-29,7512451.506881605
2022-03-30,8405164.551637383
2022-03-31,8656651.673301714
2022-04-01,9173188.274642192
2022-04-02,9677091.668463295
2022-04-03,9977065.972861663
2022-04-04,10260113.883237462
2022-04-05,9918244.640626414
2022-04-06,9118886.560757304
2022-04-07,8483795.327391196
2022-04-08,8462742.275478723
2022-04-09,7981094.651496935
2022-04-10,7319934.421303505
2022-04-11,7142463.311151623
2022-04-12,6445464.852825535
2022-04-13,6127662.935360783
2022-04-14,5967711.591773593
2022-04-15,6076651.446135004
2022-04-16,6179027.803451819
2022-04-17,6567513.103231229
2022-04-18,6745913.1225555055
2022-04-19,6710565.8579827035
2022-04-20,6666234.843343692
2022-04-21,6909543.3564014705
2022-04-22,7337804.523643521
2022-04-23,7780721.262976048
2022-04-24,8148977.835566062
2022-04-25,8253546.718498887
2022-04-26,8357527.622118952
2022-04-27,7912139.924469182
2022-04-28,7109154.879195106
2022-04-29,6526637.357221788
2022-04-30,6493691.575345213
2022-05-01,5917039.842983234
2022-05-02,5336671.003808083
2022-05-03,4546299.639192207
2022-05-04,3287611.4592694375
2022-05-05,2788453.293780541
2022-05-06,2969679.8859584876
2022-05-07,3099280.6494380836
2022-05-08,3833467.4062353433
2022-05-09,6057095.814047195
2022-05-10,7686389.64204869
2022-05-11,10705495.880611565
2022-05-12,13315753.787141517
2022-05-13,15279387.587993171
2022-05-14,16798963.252006657
2022-05-15,17444166.243773807
2022-05-16,18512706.975364827
2022-05-17,19287020.70471795
2022-05-18,20247118.140089042
2022-05-19,19958863.637073155
2022-05-20,19839681.05289697
2022-05-21,19669805.751957536
2022-05-22,19269700.85101769
2022-05-23,19121428.894863073
2022-05-24,18570995.68365104
2022-05-25,17363923.570752554
2022-05-26,16987058.37827497
2022-05-27,16120518.984270673
2022-05-28,14681947.817910656
2022-05-29,13435464.918100886
2022-05-30,12230502.139078796
2022-05-31,10601021.611719577
2022-06-01,8897698.456420207
2022-06-02,7370440.912439412
2022-06-03,4667897.180969697
2022-06-04,3411224.2822680953
2022-06-05,2274480.4930176837
2022-06-06,1328383.5868822918
2022-06-07,805916.5295819453
2022-06-08,804167.8312865071
2022-06-09,764254.982661656
2022-06-10,755008.3111905496
2022-06-11,812148.3422386034
2022-06-12,1130953.5494364812
2022-06-13,2912972.066252732
2022-06-14,4577992.625419778
2022-06-15,6045298.713840463
2022-06-16,8430762.571907647
2022-06-17,10675965.030198948
2022-06-18,13442348.194266474
2022-06-19,15235894.714688832
2022-06-20,16805793.290026374
2022-06-21,17978251.528809365
2022-06-22,19505647.597655244
2022-06-23,20278774.078658767
2022-06-24,20853411.074703332
2022-06-25,21251911.218072828
2022-06-26,21799871.477624726
2022-06-27,22265875.169449262
2022-06-28,22557149.106932823
2022-06-29,21805652.751709457
2022-06-30,20808024.023672413
2022-07-01,20571262.80051105
2022-07-02,19789936.904056486
2022-07-03,19060945.437262468
2022-07-04,17815706.963551626
2022-07-05,16328890.31465768
2022-07-06,13737357.786369238
2022-07-07,10948785.148302352
2022-07-08,8535763.708772069
2022-07-09,6016717.669172596
2022-07-10,3926119.0267701214
2022-07-11,2099508.086253699
2022-07-12,920517.35069112
2022-07-13,800238.5557372224
2022-07-14,701988.4370800357
2022-07-15,553153.2277157562
2022-07-16,572095.4430314951
2022-07-17,575502.4977092518
2022-07-18,629027.7183650732
2022-07-19,890816.5916755848
2022-07-20,1107119.4633332423
2022-07-21,1298154.4250280932
2022-07-22,1383902.72944501
2022-07-23,1461160.1072524705
2022-07-24,1547684.445667023
2022-07-25,1543787.623316991
2022-07-26,1545283.3352285922
2022-07-27,1660553.8671395662
2022-07-28,1880423.4314063992
2022-07-29,2050325.2667900706
2022-07-30,2131935.821264423
2022-07-31,2063491.1576949612
2022-08-01,1949882.5575528345
2022-08-02,1778675.516945648
2022-08-03,1710489.339417333
2022-08-04,1611059.7166265533
2022-08-05,1579151.7892913367
2022-08-06,1592308.1241238827
2022-08-07,1617421.9282462168
2022-08-08,1684453.3565901748
2022-08-09,1632741.7817184182
2022-08-10,1500146.5544368806
2022-08-11,1198061.481634286
2022-08-12,1075037.2217774377
2022-08-13,976637.2577123987
2022-08-14,877756.5557224714
2022-08-15,789764.3354795679
2022-08-16,604348.3411426645
2022-08-17,583674.5033319506
2022-08-18,583351.919349967
2022-08-19,774574.6568346072
2022-08-20,911654.6990976797
2022-08-21,991655.4857020685
2022-08-22,1075307.4065705447
2022-08-23,1147256.3289099343
2022-08-24,1143492.9115781975
2022-08-25,1103581.3592582797
2022-08-26,1359396.5729293434
2022-08-27,1604196.4626880595
2022-08-28,1902397.9455472422
2022-08-29,2050704.8790335301
2022-08-30,2279133.8106343546
2022-08-31,2438324.430696923
2022-09-01,2582745.7354472685
2022-09-02,2738198.7633137847
2022-09-03,2905276.679788784
2022-09-04,2986678.3198669865
2022-09-05,3095490.566248043
2022-09-06,3321771.0094299586
2022-09-07,3342205.9636787763
2022-09-08,3402808.911563622
2022-09-09,3173623.8515182217
2022-09-10,2933331.1612949176
2022-09-11,2592050.0412902934
2022-09-12,2270781.2941289665
2022-09-13,1915564.8845947126
2022-09-14,1568051.49056411
2022-09-15,1270617.6722072156
2022-09-16,1043938.7152077087
2022-09-17,799452.9646899432
2022-09-18,829302.2519769465
2022-09-19,833658.7718841039
2022-09-20,853802.6068632914
2022-09-21,904582.8755897384
2022-09-22,857594.4611506768
2022-09-23,818840.4011021092
2022-09-24,769254.304905966
2022-09-25,809402.1886002249
2022-09-26,824100.2528898179
2022-09-27,841789.4709725648
2022-09-28,840888.2005635106
2022-09-29,843113.0938607752
2022-09-30,846279.7850343854
2022-10-01,850303.1270211623
2022-10-02,866597.6157888591
2022-10-03,866819.7339035752
2022-10-04,876868.1869371667
2022-10-05,882375.9364997325
2022-10-06,852684.5985927484
2022-10-07,845855.0863455011
2022-10-08,843240.2404320528
2022-10-09,758613.2400537187
2022-10-10,634982.0934827229
2022-10-11,486349.87627064926
2022-10-12,210379.67339764535
2022-10-13,185797.28232553808
2022-10-14,164218.73113531133
2022-10-15,164408.56927824955
2022-10-16,159170.9461032287
2022-10-17,139782.32691879116
2022-10-18,139569.80861767876
2022-10-19,139311.78019715767
2022-10-20,135307.75890528402
2022-10-21,114540.12509486172
2022-10-22,115075.70720129246
2022-10-23,116609.63154605331
2022-10-24,110417.55177815755
2022-10-25,115731.22911260652
2022-10-26,175483.04140524066
2022-10-27,192992.7851618576
2022-10-28,232468.64711959378
2022-10-29,286949.3427772685
2022-10-30,322765.6577356806
2022-10-31,344141.72595353046
2022-11-01,351980.11417840613
2022-11-02,358365.5327612732
2022-11-03,353572.8400761769
2022-11-04,415760.6629807413
2022-11-05,492702.75839464366
2022-11-06,532005.0416965812
2022-11-07,543730.6684558633
2022-11-08,598489.4736721256
2022-11-09,1113565.3154554458
2022-11-10,1255360.1209460949
2022-11-11,1484835.9162011477
2022-11-12,1750972.1084927295
2022-11-13,2087886.0579070742
2022-11-14,2351986.9326023213
2022-11-15,2557364.222075711
2022-11-16,2781496.86976256
2022-11-17,2988671.2873788495
2022-11-18,3181052.13065614
2022-11-19,3358526.416569873
2022-11-20,3589404.476549246
2022-11-21,3894109.8981438125
2022-11-22,4079877.4737042137
2022-11-23,4192283.11790066
2022-11-24,4221218.762789238
2022-11-25,4131907.7604733347
2022-11-26,4087570.3135326914
2022-11-27,3959891.130224018
2022-11-28,3772733.6527893906
2022-11-29,3553454.9070276935
2022-11-30,3283629.396836921
2022-12-01,2996349.0780033986
2022-12-02,2743963.8867360163
2022-12-03,2463210.2270108727
2022-12-04,1927271.0090228044
2022-12-05,1314269.2425946202
2022-12-06,764308.282878729
2022-12-07,266536.6421316475
2022-12-08,161138.20219403284
2022-12-09,142923.2075637551
2022-12-10,123127.70886590777
2022-12-11,124788.9927561798
2022-12-12,132378.7450978572
2022-12-13,162333.5400619313
2022-12-14,196192.42899450794
2022-12-15,205792.56029853027
2022-12-16,206071.25927315644
2022-12-17,205309.7227236103
2022-12-18,204816.20548978727
2022-12-19,209833.70838498362
2022-12-20,199245.16395670213
2022-12-21,158466.15279383407
2022-12-22,141054.3088344411
2022-12-23,138303.767946637
2022-12-24,134964.48570507343
2022-12-25,129387.21206743695
2022-12-26,121363.55899861935
2022-12-27,114245.72299758824
2022-12-28,100725.54900629936
2022-12-29,94805.75933993468
2022-12-30,98196.54445683559
2022-12-31,103947.13510543629
2023-01-01,106646.39318418647
2023-01-02,108640.28470664044
2023-01-03,109061.8287063784
2023-01-04,108987.43803229157
2023-01-05,107944.51925881016
2023-01-06,107939.05371638903
2023-01-07,104168.70946311581
2023-01-08,103532.54685503738
2023-01-09,104793.94100697758
2023-01-10,113651.22815170354
2023-01-11,146457.00660025483
2023-01-12,249843.16916914712
2023-01-13,518678.44584649854
2023-01-14,1035365.124726076
2023-01-15,1484191.1227496066
2023-01-16,1970543.7523633859
2023-01-17,2408822.321990474
2023-01-18,2673566.761548287
2023-01-19,3018172.1702245376
2023-01-20,3736783.4776791125
2023-01-21,4408867.375208762
2023-01-22,4978931.2762418315
2023-01-23,5536258.924797943
2023-01-24,5927010.765264439
2023-01-25,6379057.835815058
2023-01-26,6686179.648694951
2023-01-27,6880509.107799757
2023-01-28,6985189.298219369
2023-01-29,7164949.778428613
2023-01-30,7010568.59948261
2023-01-31,6839482.992929565
2023-02-01,6702315.561187196
2023-02-02,6400929.088033114
2023-02-03,6043931.414001119
2023-02-04,5561958.997740301
2023-02-05,4976177.605896683
2023-02-06,4292464.090394953
2023-02-07,3616689.9081994775
2023-02-08,2865899.9578381274
2023-02-09,2112111.0962804873
2023-02-10,1478034.9674745032
2023-02-11,1062248.9182508881
2023-02-12,853469.056933786
2023-02-13,789603.3702990521
2023-02-14,698029.8624870805
2023-02-15,724519.7238112884
2023-02-16,670665.6115501457
2023-02-17,620365.1735193825
2023-02-18,601944.6232333075
2023-02-19,656164.0206510259
2023-02-20,757429.7395945981
2023-02-21,808072.9553188351
2023-02-22,839363.3535197348
2023-02-23,843818.7965144445
2023-02-24,843221.506010978
2023-02-25,841593.6364724801
2023-02-26,842922.8666346436
2023-02-27,842268.9357999865
2023-02-28,835047.0871285822
2023-03-01,832063.5777457705
2023-03-02,831862.8155165927
2023-03-03,855867.5342706018
2023-03-04,882481.7993303218
2023-03-05,902035.6280307763
2023-03-06,921281.3899989902
2023-03-07,950470.4686739068
2023-03-08,1014726.1932988664
2023-03-09,1265605.02189251
2023-03-10,1533220.0410900018
2023-03-11,1670861.3647568633
2023-03-12,1635893.0859586503
2023-03-13,1650411.440427561
2023-03-14,1698418.5302769088
2023-03-15,1692775.6501416673
2023-03-16,1775372.803980084
2023-03-17,2323988.821851435
2023-03-18,2755967.661713638
2023-03-19,3418936.5335542085
2023-03-20,3970832.809880062
2023-03-21,4631988.9426194765
2023-03-22,5008410.740192185
2023-03-23,5657022.314067655
2023-03-24,6055570.914850551
2023-03-25,6426116.780686345
2023-03-26,6839833.123230328
2023-03-27,7021968.038115347
2023-03-28,7225294.202969126
2023-03-29,7616034.922374438
2023-03-30,7840816.276790984
2023-03-31,8166434.363227392
2023-04-01,8403028.129924104
2023-04-02,8343971.702633394
2023-04-03,8140064.600872519
2023-04-04,7942406.9471909795
2023-04-05,7669174.552242114
2023-04-06,7245792.565346364
2023-04-07,6575974.363765703
2023-04-08,5288663.267564426
2023-04-09,3817686.924855013
2023-04-10,2559796.3004843425
2023-04-11,1863992.7090749005
2023-04-12,1653053.3462724716
2023-04-13,1534632.0689081093
2023-04-14,1264312.8546620356
2023-04-15,1055022.3733517756
2023-04-16,1149089.7546376882
2023-04-17,1100881.2794722964
2023-04-18,1206633.7038806942
2023-04-19,1182613.1100547924
2023-04-20,1180518.5129821287
2023-04-21,1183365.3611988456
2023-04-22,1203295.086060874
2023-04-23,1195948.0566741158
2023-04-24,1193581.0618818651
2023-04-25,1183098.3729765583
2023-04-26,1105114.4086763207
2023-04-27,1051881.6793632463
2023-04-28,1056679.966383548
2023-04-29,1042439.6692083168
2023-04-30,1044033.5585313422
2023-05-01,1057273.7682831213
2023-05-02,1043499.903853438
2023-05-03,1002826.3695528245
2023-05-04,983753.4132479586
2023-05-05,975093.1238076325
2023-05-06,944748.9657419658
2023-05-07,914882.8284686038
2023-05-08,935731.5744144142
2023-05-09,982330.447807907
2023-05-10,1026532.9533044584
2023-05-11,1081677.902215931
2023-05-12,1146900.9191285972
2023-05-13,1158940.0215171769
2023-05-14,1112893.9664936333
2023-05-15,1038180.5515289144
2023-05-16,953673.3486819844
2023-05-17,924263.734697724
2023-05-18,802578.6262513392
2023-05-19,825497.3838989682
2023-05-20,847807.0746753027
2023-05-21,881531.7695970321
2023-05-22,920914.5703553435
2023-05-23,933388.5200478308
2023-05-24,1011157.3823316897
2023-05-25,1066099.1340109208
2023-05-26,1089241.2137345665
2023-05-27,1003909.6488181716
2023-05-28,910366.1379654162
2023-05-29,815930.1888235959
2023-05-30,713209.3117932032
2023-05-31,703497.0540047454
2023-06-01,664784.5863751086
2023-06-02,575169.9316811829
2023-06-03,497912.9880017381
2023-06-04,320165.8849800602
2023-06-05,284301.6424884487
2023-06-06,221178.92693542823
2023-06-07,224101.2405658683
2023-06-08,218262.780758797
2023-06-09,212016.8338452315
2023-06-10,252252.68160021695
2023-06-11,283707.3627750642
2023-06-12,315782.6241673709
2023-06-13,344717.2572980065
2023-06-14,434466.5042818529
2023-06-15,477029.28769408923
2023-06-16,464013.23975905695
2023-06-17,463842.7334744502
2023-06-18,465217.6461866195
2023-06-19,458397.4303379435
2023-06-20,554313.1497956199
2023-06-21,927386.5542488738
2023-06-22,1248894.908163342
2023-06-23,1719227.53837951
2023-06-24,2118247.5888045286
2023-06-25,2475531.8098912076
2023-06-26,2763721.047221735
2023-06-27,3112837.837309886
2023-06-28,3337495.2337887604
2023-06-29,3614624.5625454774
2023-06-30,3870637.702761423
2023-07-01,4099181.980378107
2023-07-02,4329381.1810379345
2023-07-03,4623945.142682718
2023-07-04,4813194.856696627
2023-07-05,4747182.775409469
2023-07-06,4767782.306205863
2023-07-07,4704614.947103171
2023-07-08,4625633.490821745
2023-07-09,4497907.964582128
2023-07-10,4235977.593081727
2023-07-11,3965245.680546391
2023-07-12,3616954.7002468854
2023-07-13,3332531.0616771444
2023-07-14,2653667.531032451
2023-07-15,2052081.3549493789
2023-07-16,1608487.9884037108
2023-07-17,1175745.2812717166
2023-07-18,671422.0147618026
2023-07-19,269888.4649096247
2023-07-20,138679.42037709177
2023-07-21,142058.08786181256
2023-07-22,147240.30039370304
2023-07-23,146162.34633398172
2023-07-24,190491.49714163312
2023-07-25,227974.28159281405
2023-07-26,255675.60953018873
2023-07-27,282388.2436626576
2023-07-28,307325.35525879427
2023-07-29,325499.87981415953
2023-07-30,344465.77375674655
2023-07-31,358748.96366348764
2023-08-01,350648.6755995675
2023-08-02,325849.50284034427
2023-08-03,318860.6297647867
2023-08-04,325809.95126620564
2023-08-05,346737.4815690499
2023-08-06,355477.92287987156
2023-08-07,356455.9554426342
2023-08-08,349618.63301935385
2023-08-09,332856.5827143906
2023-08-10,303581.64878045354
2023-08-11,285613.07439905684
2023-08-12,162809.12518165386
2023-08-13,142605.2264828702
2023-08-14,120902.0186839188
2023-08-15,102672.28841200487
2023-08-16,102555.90118212705
2023-08-17,341371.2197085028
2023-08-18,673453.6498076137
2023-08-19,968526.4122159204
2023-08-20,1206819.5427544883
2023-08-21,1435100.9306655377
2023-08-22,1622088.1182164946
2023-08-23,1775350.370823323
2023-08-24,1949117.6492085885
2023-08-25,2110928.154720678
2023-08-26,2263899.000674555
2023-08-27,2373164.1936124144
2023-08-28,2452865.7327486393
2023-08-29,2400099.203014705
2023-08-30,2358158.1131847533
2023-08-31,2371283.6753410776
2023-09-01,2431336.0590357045
2023-09-02,2454486.150706862
2023-09-03,2453719.6164783444
2023-09-04,2450469.154281031
2023-09-05,2426526.1756768916
2023-09-06,2361782.770458173
2023-09-07,2136717.431262505
2023-09-08,1941031.9720953875
2023-09-09,1739957.4822125747
2023-09-10,1519711.6422998093
2023-09-11,1314279.6551409622
2023-09-12,1053173.1718783195
2023-09-13,731149.8200289372
2023-09-14,440548.5413810233
2023-09-15,226805.65407075378
2023-09-16,223629.50430621748
2023-09-17,228555.06480062756
2023-09-18,240432.07655752113
2023-09-19,276278.1064554767
2023-09-20,304269.8029848109
2023-09-21,306064.4364778335
2023-09-22,308544.64930612035
2023-09-23,311391.128496869
2023-09-24,309514.51916093094
2023-09-25,306770.5149611783
2023-09-26,305502.41312109266
2023-09-27,304236.848385525
2023-09-28,251747.92984377954
2023-09-29,229772.42410221332
2023-09-30,241268.51080071545
2023-10-01,324030.33883811394
2023-10-02,357635.50908790703
2023-10-03,381921.538887964
2023-10-04,421634.4029154822
2023-10-05,424056.1767319075
2023-10-06,455763.63633017143
2023-10-07,503312.9644352582
2023-10-08,524596.4465081923
2023-10-09,514051.16818956856
2023-10-10,484729.4829955746
2023-10-11,376086.963841946
2023-10-12,332289.90302399185
2023-10-13,312027.5110180959
2023-10-14,304832.37587660353
2023-10-15,298941.3485978942
2023-10-16,361239.3644086341
2023-10-17,404083.7745729095
2023-10-18,440876.07230981765
2023-10-19,514926.3095559068
2023-10-20,705992.2103442362
2023-10-21,896231.9300743553
2023-10-22,1073822.277707022
2023-10-23,2031862.8162283595
2023-10-24,3162975.28337116
2023-10-25,4409326.343048542
2023-10-26,5351094.598999146
2023-10-27,6083881.081071399
2023-10-28,6857254.36998377
2023-10-29,7652118.358162573
2023-10-30,8311277.606316126
2023-10-31,9059059.124403145
2023-11-01,9897296.60799681
2023-11-02,10404988.30925899
2023-11-03,10797783.94345178
2023-11-04,11094597.890254619
2023-11-05,11370951.87128792
2023-11-06,11533336.269875493
2023-11-07,11676451.460358677
2023-11-08,11646870.798137669
2023-11-09,11698124.513679422
2023-11-10,11555858.068666214
2023-11-11,11061258.416533953
2023-11-12,10342396.696966028
2023-11-13,9258879.92498583
2023-11-14,7951129.783811348
2023-11-15,7494287.584767301
2023-11-16,6476260.119716552
2023-11-17,5337547.49922722
2023-11-18,4211587.3812501095
2023-11-19,3439583.7180280434
2023-11-20,2634454.4325847183
2023-11-21,1606403.936219492
2023-11-22,1493905.0781260086
2023-11-23,1454661.9711707728
2023-11-24,1507458.4075954263
2023-11-25,1504649.7334766246
2023-11-26,1402836.6023445698
2023-11-27,1283143.544982522
2023-11-28,1250640.9668488575
2023-11-29,1190854.9329183206
2023-11-30,1116273.9248641522
2023-12-01,1208806.011488982
2023-12-02,1342477.5546723446
2023-12-03,1491576.2878357603
2023-12-04,2150680.3029427216
2023-12-05,3492209.57375045
2023-12-06,4504322.441898206
2023-12-07,5254227.057284011
2023-12-08,6225976.736785322
2023-12-09,7048108.587684276
2023-12-10,7854021.0443739435
2023-12-11,7931959.803732703
2023-12-12,7991070.563509275
2023-12-13,8193485.55847051
2023-12-14,8096649.9274717
2023-12-15,8164940.662393167
2023-12-16,7899666.581825701
2023-12-17,7561059.0251036
2023-12-18,7317090.547998683
2023-12-19,7133853.674864848
2023-12-20,7137147.912929358
2023-12-21,6607960.297091269
2023-12-22,6461885.02143292
2023-12-23,6132685.434001958
2023-12-24,5737427.798840219
2023-12-25,5364118.169413416
2023-12-26,4732457.263219572
2023-12-27,4025993.9659551214
2023-12-28,3378474.8552005324
2023-12-29,2688664.179396114
2023-12-30,1907905.5427684607
2023-12-31,1380338.52200219
2024-01-01,1078869.1068485554
2024-01-02,925471.2261874882
2024-01-03,889659.5813926624
2024-01-04,897203.2928481414
2024-01-05,923542.6268245992
2024-01-06,951660.8728535475
2024-01-07,936379.5849899118
2024-01-08,1436355.6597787251
2024-01-09,1721592.605541828
2024-01-10,1944196.6495068166
2024-01-11,2080353.8917633782
2024-01-12,2082212.871692809
2024-01-13,2090384.5442656314
2024-01-14,2106195.293278901
2024-01-15,2083571.6212483407
2024-01-16,1915988.0813922544
2024-01-17,1908053.992917127
2024-01-18,2037960.027157463
2024-01-19,2170942.4149570973
2024-01-20,2284223.1315370454
2024-01-21,2396402.4503937005
2024-01-22,2892684.5946207466
2024-01-23,3279618.557257836
2024-01-24,3582871.7043204177
2024-01-25,3896737.551511251
2024-01-26,3928865.9427035297
2024-01-27,3946616.4049063106
2024-01-28,3950153.5391404415
2024-01-29,3937162.439561874
2024-01-30,3922442.5803766865
2024-01-31,3871017.121924007
2024-02-01,3719114.9684231104
2024-02-02,3723682.025311773
2024-02-03,3659847.3283333965
2024-02-04,3593142.8896462717
2024-02-05,3537004.259809959
2024-02-06,3487379.5064317877
2024-02-07,2933652.4895040095
2024-02-08,2750893.3972056163
2024-02-09,2906140.806184318
2024-02-10,3339934.3150647497
2024-02-11,4418251.439541956
2024-02-12,6131587.618509408
2024-02-13,7561513.377685497
2024-02-14,9952245.266917903
2024-02-15,12252564.187099842
2024-02-16,14459970.64676609
2024-02-17,15951599.672636528
2024-02-18,17501155.197872844
2024-02-19,18650110.7171607
2024-02-20,19755644.42119653
2024-02-21,19641790.541818094
2024-02-22,19145159.71658817
2024-02-23,18287092.76178597
2024-02-24,17330974.036132492
2024-02-25,16969918.09163447
2024-02-26,17522676.83885572
2024-02-27,19004786.439314816
2024-02-28,24561544.144243173
2024-02-29,28018808.216270003
2024-03-01,31509114.46624941
2024-03-02,34048811.90724867
2024-03-03,36691559.272579014
2024-03-04,43064812.66189101
2024-03-05,43653466.07056703
2024-03-06,45025099.42356862
2024-03-07,46147083.46967332
2024-03-08,48114302.938456856
2024-03-09,49704796.54549896
2024-03-10,51856271.86712141
2024-03-11,56088515.70381238
2024-03-12,58755277.11766437
2024-03-13,62788666.7789766
2024-03-14,64030191.05526789
2024-03-15,64300768.20199822
2024-03-16,62196419.90622096
2024-03-17,60936094.416995205
2024-03-18,58382522.03954325
2024-03-19,54772355.07066359
2024-03-20,51489549.39006829
2024-03-21,47484304.702368505
2024-03-22,42629593.50671864
2024-03-23,36969966.94868247
2024-03-24,30572823.505843643
2024-03-25,24967009.82509115
2024-03-26,18753267.6437073
2024-03-27,14262579.825320037
2024-03-28,11520541.08732949
2024-03-29,11022285.456891542
2024-03-30,9846256.539123718
2024-03-31,9329556.838993208
2024-04-01,8197386.395248933
2024-04-02,7589849.365326846
2024-04-03,7754287.378499148
2024-04-04,7087203.727868874
2024-04-05,6926678.968450924
2024-04-06,6863088.159632493
2024-04-07,6892549.115708302
2024-04-08,7230846.0921992855
2024-04-09,7235171.447933306
2024-04-10,6935790.617832838
2024-04-11,6711374.550704477
2024-04-12,5988204.426594555
2024-04-13,6262609.481082291
2024-04-14,6357572.734658718
2024-04-15,6811395.165835292
2024-04-16,7330957.673052121
2024-04-17,8694817.503424224
2024-04-18,8167914.287684795
2024-04-19,8608072.636034999
2024-04-20,8680993.255730573
2024-04-21,8441224.924681159
2024-04-22,8058995.294804276
2024-04-23,8096552.908939273
2024-04-24,8059162.126028436
